-- phpMyAdmin SQL Dump
-- version 4.1.14
-- http://www.phpmyadmin.net
--
-- Client :  127.0.0.1
-- G√©n√©r√© le :  Ven 02 Septembre 2016 √† 14:13
-- Version du serveur :  5.6.17
-- Version de PHP :  5.5.12

SET SQL_MODE = "NO_AUTO_VALUE_ON_ZERO";
SET time_zone = "+00:00";


/*!40101 SET @OLD_CHARACTER_SET_CLIENT=@@CHARACTER_SET_CLIENT */;
/*!40101 SET @OLD_CHARACTER_SET_RESULTS=@@CHARACTER_SET_RESULTS */;
/*!40101 SET @OLD_COLLATION_CONNECTION=@@COLLATION_CONNECTION */;
/*!40101 SET NAMES utf8 */;

--
-- Base de donn√©es :  `zizaco`
--

-- --------------------------------------------------------

--
-- Structure de la table `migrations`
--

CREATE TABLE IF NOT EXISTS `migrations` (
  `migration` varchar(255) COLLATE utf8_unicode_ci NOT NULL,
  `batch` int(11) NOT NULL
) ENGINE=InnoDB DEFAULT CHARSET=utf8 COLLATE=utf8_unicode_ci;

--
-- Contenu de la table `migrations`
--

INSERT INTO `migrations` (`migration`, `batch`) VALUES
('2014_10_12_000000_create_users_table', 1),
('2014_10_12_100000_create_password_resets_table', 1),
('2016_08_28_185130_entrust_setup_tables', 1),
('2016_08_29_201409_create_posts_table', 2),
('2016_08_29_210836_posts_table', 3),
('2016_08_29_211021_ajout_uuid_posts', 4),
('2016_08_30_210525_create_produits_table', 5),
('2016_08_30_210918_create_photos_table', 6),
('2016_08_31_105137_ajout_img_user', 7),
('2016_08_31_111139_ajout_img_post', 8),
('2016_09_02_084804_ajout_FK_userID_Sur_post', 9),
('2016_09_02_085712_ajout_slug_Sur_post', 10),
('2016_09_02_100036_tags_table', 11),
('2016_09_02_100322_taggable_table', 11),
('2016_09_02_104605_ajout_live_post', 12);

-- --------------------------------------------------------

--
-- Structure de la table `password_resets`
--

CREATE TABLE IF NOT EXISTS `password_resets` (
  `email` varchar(255) COLLATE utf8_unicode_ci NOT NULL,
  `token` varchar(255) COLLATE utf8_unicode_ci NOT NULL,
  `created_at` timestamp NOT NULL,
  KEY `password_resets_email_index` (`email`),
  KEY `password_resets_token_index` (`token`)
) ENGINE=InnoDB DEFAULT CHARSET=utf8 COLLATE=utf8_unicode_ci;

-- --------------------------------------------------------

--
-- Structure de la table `permissions`
--

CREATE TABLE IF NOT EXISTS `permissions` (
  `id` int(10) unsigned NOT NULL AUTO_INCREMENT,
  `name` varchar(255) COLLATE utf8_unicode_ci NOT NULL,
  `display_name` varchar(255) COLLATE utf8_unicode_ci DEFAULT NULL,
  `description` varchar(255) COLLATE utf8_unicode_ci DEFAULT NULL,
  `created_at` timestamp NULL DEFAULT NULL,
  `updated_at` timestamp NULL DEFAULT NULL,
  PRIMARY KEY (`id`),
  UNIQUE KEY `permissions_name_unique` (`name`)
) ENGINE=InnoDB DEFAULT CHARSET=utf8 COLLATE=utf8_unicode_ci AUTO_INCREMENT=1 ;

-- --------------------------------------------------------

--
-- Structure de la table `permission_role`
--

CREATE TABLE IF NOT EXISTS `permission_role` (
  `permission_id` int(10) unsigned NOT NULL,
  `role_id` int(10) unsigned NOT NULL,
  PRIMARY KEY (`permission_id`,`role_id`),
  KEY `permission_role_role_id_foreign` (`role_id`)
) ENGINE=InnoDB DEFAULT CHARSET=utf8 COLLATE=utf8_unicode_ci;

-- --------------------------------------------------------

--
-- Structure de la table `photos`
--

CREATE TABLE IF NOT EXISTS `photos` (
  `id` int(10) unsigned NOT NULL AUTO_INCREMENT,
  `produit_id` int(11) NOT NULL,
  `created_at` timestamp NULL DEFAULT NULL,
  `updated_at` timestamp NULL DEFAULT NULL,
  PRIMARY KEY (`id`)
) ENGINE=InnoDB DEFAULT CHARSET=utf8 COLLATE=utf8_unicode_ci AUTO_INCREMENT=1 ;

-- --------------------------------------------------------

--
-- Structure de la table `posts`
--

CREATE TABLE IF NOT EXISTS `posts` (
  `id` int(10) unsigned NOT NULL AUTO_INCREMENT,
  `uuid` binary(16) NOT NULL,
  `titre_fr` varchar(255) COLLATE utf8_unicode_ci NOT NULL,
  `titre_en` varchar(255) COLLATE utf8_unicode_ci NOT NULL,
  `contenu_fr` varchar(255) COLLATE utf8_unicode_ci NOT NULL,
  `contenu_en` varchar(255) COLLATE utf8_unicode_ci NOT NULL,
  `user_id` int(10) unsigned NOT NULL,
  `created_at` timestamp NULL DEFAULT NULL,
  `updated_at` timestamp NULL DEFAULT NULL,
  `image` varchar(255) COLLATE utf8_unicode_ci DEFAULT 'header_default.bmp',
  `slug` varchar(255) COLLATE utf8_unicode_ci NOT NULL,
  `live` tinyint(1) NOT NULL DEFAULT '0',
  PRIMARY KEY (`id`),
  UNIQUE KEY `posts_uuid_unique` (`uuid`),
  KEY `posts_user_id_foreign` (`user_id`)
) ENGINE=InnoDB  DEFAULT CHARSET=utf8 COLLATE=utf8_unicode_ci AUTO_INCREMENT=24 ;

--
-- Contenu de la table `posts`
--

INSERT INTO `posts` (`id`, `uuid`, `titre_fr`, `titre_en`, `contenu_fr`, `contenu_en`, `user_id`, `created_at`, `updated_at`, `image`, `slug`, `live`) VALUES
(21, '®ÊÁ¿n-Êàúç≥\Z_6à', 'Post numero 1 titre FR', 'Post number 1, English title', 'Contenu en FR du post 1', 'Content ENG of post 1', 1, '2016-08-29 19:15:06', '2016-08-29 19:15:06', 'header_default.bmp', 'post-1', 1),
(22, '®Û@n-ÊÜ◊WÎAqˆ\\', 'Post numero 2 titre FR', 'Post number 2, English title', 'Contenu en FR du post 2', 'Content ENG of post 2', 209, '2016-08-29 19:15:06', '2016-08-29 19:15:06', 'header_default.bmp', 'post-2', 1),
(23, '®ÛÍên-Ê∞==Î''Ëy', 'Post numero 3 titre FR', 'Post number 3, English title', 'Contenu en FR du post 3', 'Content ENG of post 3', 220, '2016-08-29 19:15:06', '2016-08-29 19:15:06', 'header_default.bmp', 'post-3', 1);

-- --------------------------------------------------------

--
-- Structure de la table `produits`
--

CREATE TABLE IF NOT EXISTS `produits` (
  `id` int(10) unsigned NOT NULL AUTO_INCREMENT,
  `nom` varchar(255) COLLATE utf8_unicode_ci NOT NULL,
  `description` varchar(255) COLLATE utf8_unicode_ci NOT NULL,
  `prix` int(11) NOT NULL,
  `photo_id` int(11) NOT NULL,
  `created_at` timestamp NULL DEFAULT NULL,
  `updated_at` timestamp NULL DEFAULT NULL,
  PRIMARY KEY (`id`)
) ENGINE=InnoDB  DEFAULT CHARSET=utf8 COLLATE=utf8_unicode_ci AUTO_INCREMENT=35 ;

--
-- Contenu de la table `produits`
--

INSERT INTO `produits` (`id`, `nom`, `description`, `prix`, `photo_id`, `created_at`, `updated_at`) VALUES
(1, 'sint', 'Fuga quibusdam ut consequatur accusamus.', 40, 0, '2016-08-30 19:20:12', '2016-08-30 19:20:12'),
(2, 'dolores', 'Deserunt qui nemo vel omnis quae doloribus.', 69, 0, '2016-08-30 19:20:12', '2016-08-30 19:20:12'),
(3, 'officia', 'Et voluptas est provident doloremque tempore delectus.', 19, 0, '2016-08-30 19:20:12', '2016-08-30 19:20:12'),
(4, 'aut', 'Mollitia eum eum fuga nisi quae a est alias.', 81, 0, '2016-08-30 19:20:12', '2016-08-30 19:20:12'),
(5, 'ea', 'Tenetur aspernatur consequatur aut sed quae veritatis et.', 10, 0, '2016-08-30 19:20:12', '2016-08-30 19:20:12'),
(6, 'tenetur', 'Sint atque distinctio accusantium deleniti est est.', 82, 0, '2016-08-30 19:20:12', '2016-08-30 19:20:12'),
(7, 'ab', 'Nisi reiciendis sequi eum velit.', 45, 0, '2016-08-30 19:20:12', '2016-08-30 19:20:12'),
(8, 'aspernatur', 'Iure rem omnis fuga.', 49, 0, '2016-08-30 19:20:12', '2016-08-30 19:20:12'),
(9, 'non', 'Deserunt commodi quia dolor ut.', 98, 0, '2016-08-30 19:20:12', '2016-08-30 19:20:12'),
(10, 'occaecati', 'Nisi dolorem ut eius aut.', 10, 0, '2016-08-30 19:20:12', '2016-08-30 19:20:12'),
(11, 'sint', 'Aut minus aliquid laboriosam harum veritatis quo consequatur.', 2, 0, '2016-08-30 19:20:12', '2016-08-30 19:20:12'),
(12, 'enim', 'Voluptatem accusantium et tempora.', 20, 0, '2016-08-30 19:20:12', '2016-08-30 19:20:12'),
(13, 'a', 'Voluptatem quae illo perferendis et consequatur eos sequi eligendi.', 45, 0, '2016-08-30 19:20:12', '2016-08-30 19:20:12'),
(14, 'quia', 'Modi voluptatibus harum temporibus alias aliquid.', 17, 0, '2016-08-30 19:20:12', '2016-08-30 19:20:12'),
(15, 'ipsum', 'Nemo incidunt quia molestiae commodi itaque tenetur.', 59, 0, '2016-08-30 19:20:12', '2016-08-30 19:20:12'),
(16, 'repellendus', 'Voluptatibus in deleniti eveniet voluptatem.', 7, 0, '2016-08-30 19:20:12', '2016-08-30 19:20:12'),
(17, 'aut', 'Sit ut magni deserunt.', 76, 0, '2016-08-30 19:20:12', '2016-08-30 19:20:12'),
(18, 'fugiat', 'Quia dicta delectus a.', 94, 0, '2016-08-30 19:20:12', '2016-08-30 19:20:12'),
(19, 'sit', 'Doloremque quibusdam dolores iusto at aut asperiores ut.', 39, 0, '2016-08-30 19:20:12', '2016-08-30 19:20:12'),
(20, 'et', 'Sit consequuntur quaerat quibusdam eveniet.', 86, 0, '2016-08-30 19:20:12', '2016-08-30 19:20:12'),
(21, 'expedita', 'Commodi laboriosam excepturi porro sint consequatur vero.', 17, 0, '2016-08-30 19:20:12', '2016-08-30 19:20:12'),
(22, 'qui', 'Rerum nostrum ut nihil dolores ducimus qui.', 71, 0, '2016-08-30 19:20:12', '2016-08-30 19:20:12'),
(23, 'et', 'Et eum repellendus id velit enim sint soluta.', 92, 0, '2016-08-30 19:20:13', '2016-08-30 19:20:13'),
(24, 'optio', 'Sint iusto sint est odio.', 78, 0, '2016-08-30 19:20:13', '2016-08-30 19:20:13'),
(25, 'enim', 'Possimus nesciunt voluptas placeat nisi ut voluptas rem.', 90, 0, '2016-08-30 19:20:13', '2016-08-30 19:20:13'),
(26, 'doloribus', 'Suscipit harum accusantium et ipsa.', 91, 0, '2016-08-30 19:20:13', '2016-08-30 19:20:13'),
(27, 'nam', 'Aliquam eos vel eos illum modi.', 85, 0, '2016-08-30 19:20:13', '2016-08-30 19:20:13'),
(28, 'sit', 'Et molestiae fugit aut quia facilis quisquam eum.', 21, 0, '2016-08-30 19:20:13', '2016-08-30 19:20:13'),
(29, 'aut', 'Fugit culpa sed harum et animi autem.', 82, 0, '2016-08-30 19:20:13', '2016-08-30 19:20:13'),
(30, 'libero', 'Nihil cupiditate soluta omnis non et deserunt autem.', 60, 0, '2016-08-30 19:20:13', '2016-08-30 19:20:13'),
(31, 'illo', 'Dolor voluptatem est quis.', 94, 0, '2016-08-30 19:20:13', '2016-08-30 19:20:13'),
(32, 'ut', 'Libero a velit officiis ut qui maxime.', 61, 0, '2016-08-30 19:20:13', '2016-08-30 19:20:13'),
(33, 'voluptatibus', 'Ex sed expedita voluptatem in sed cumque exercitationem.', 60, 0, '2016-08-30 19:20:13', '2016-08-30 19:20:13'),
(34, 'voluptatibus', 'Repellat ea et molestias.', 2, 0, '2016-08-30 19:20:13', '2016-08-30 19:20:13');

-- --------------------------------------------------------

--
-- Structure de la table `roles`
--

CREATE TABLE IF NOT EXISTS `roles` (
  `id` int(10) unsigned NOT NULL AUTO_INCREMENT,
  `name` varchar(255) COLLATE utf8_unicode_ci NOT NULL,
  `display_name` varchar(255) COLLATE utf8_unicode_ci DEFAULT NULL,
  `description` varchar(255) COLLATE utf8_unicode_ci DEFAULT NULL,
  `created_at` timestamp NULL DEFAULT NULL,
  `updated_at` timestamp NULL DEFAULT NULL,
  PRIMARY KEY (`id`),
  UNIQUE KEY `roles_name_unique` (`name`)
) ENGINE=InnoDB  DEFAULT CHARSET=utf8 COLLATE=utf8_unicode_ci AUTO_INCREMENT=8 ;

--
-- Contenu de la table `roles`
--

INSERT INTO `roles` (`id`, `name`, `display_name`, `description`, `created_at`, `updated_at`) VALUES
(1, 'user', NULL, NULL, '2016-08-28 17:07:14', '2016-08-28 17:07:14'),
(2, 'formateur', NULL, NULL, '2016-08-28 17:07:14', '2016-08-28 17:07:14'),
(3, 'admin_franchise', NULL, NULL, '2016-08-28 17:07:14', '2016-08-28 17:07:14'),
(4, 'super_admin', NULL, NULL, '2016-08-28 17:07:14', '2016-08-28 17:07:14'),
(5, 'collaborateur_externe', NULL, NULL, '2016-08-28 17:07:14', '2016-08-28 17:07:14'),
(6, 'collaborateur_interne', NULL, NULL, '2016-08-28 17:07:14', '2016-08-28 17:07:14'),
(7, 'partenaire_commercial', NULL, NULL, '2016-08-28 17:07:14', '2016-08-28 17:07:14');

-- --------------------------------------------------------

--
-- Structure de la table `role_user`
--

CREATE TABLE IF NOT EXISTS `role_user` (
  `user_id` int(10) unsigned NOT NULL,
  `role_id` int(10) unsigned NOT NULL,
  PRIMARY KEY (`user_id`,`role_id`),
  KEY `role_user_role_id_foreign` (`role_id`)
) ENGINE=InnoDB DEFAULT CHARSET=utf8 COLLATE=utf8_unicode_ci;

--
-- Contenu de la table `role_user`
--

INSERT INTO `role_user` (`user_id`, `role_id`) VALUES
(1, 1),
(221, 1),
(244, 1),
(248, 1),
(249, 1),
(259, 1),
(269, 1),
(287, 1),
(295, 1),
(299, 1),
(302, 1),
(303, 1),
(311, 1),
(314, 1),
(315, 1),
(320, 1),
(323, 1),
(333, 1),
(334, 1),
(340, 1),
(344, 1),
(348, 1),
(353, 1),
(354, 1),
(377, 1),
(388, 1),
(389, 1),
(398, 1),
(403, 1),
(420, 1),
(423, 1),
(426, 1),
(427, 1),
(430, 1),
(440, 1),
(442, 1),
(446, 1),
(453, 1),
(458, 1),
(460, 1),
(476, 1),
(482, 1),
(492, 1),
(497, 1),
(500, 1),
(501, 1),
(504, 1),
(515, 1),
(516, 1),
(525, 1),
(535, 1),
(542, 1),
(551, 1),
(558, 1),
(561, 1),
(566, 1),
(570, 1),
(575, 1),
(589, 1),
(590, 1),
(591, 1),
(598, 1),
(601, 1),
(603, 1),
(614, 1),
(617, 1),
(623, 1),
(629, 1),
(637, 1),
(639, 1),
(640, 1),
(641, 1),
(650, 1),
(651, 1),
(654, 1),
(658, 1),
(679, 1),
(686, 1),
(691, 1),
(692, 1),
(1, 2),
(212, 2),
(229, 2),
(245, 2),
(254, 2),
(255, 2),
(260, 2),
(273, 2),
(305, 2),
(328, 2),
(329, 2),
(335, 2),
(349, 2),
(352, 2),
(360, 2),
(362, 2),
(373, 2),
(379, 2),
(395, 2),
(396, 2),
(399, 2),
(401, 2),
(404, 2),
(410, 2),
(415, 2),
(417, 2),
(424, 2),
(450, 2),
(470, 2),
(473, 2),
(474, 2),
(491, 2),
(495, 2),
(499, 2),
(502, 2),
(514, 2),
(522, 2),
(529, 2),
(533, 2),
(556, 2),
(569, 2),
(579, 2),
(580, 2),
(587, 2),
(595, 2),
(597, 2),
(604, 2),
(619, 2),
(626, 2),
(628, 2),
(631, 2),
(657, 2),
(665, 2),
(669, 2),
(670, 2),
(681, 2),
(693, 2),
(698, 2),
(699, 2),
(701, 2),
(1, 3),
(210, 3),
(234, 3),
(236, 3),
(241, 3),
(258, 3),
(261, 3),
(262, 3),
(283, 3),
(285, 3),
(288, 3),
(297, 3),
(306, 3),
(310, 3),
(316, 3),
(318, 3),
(321, 3),
(330, 3),
(331, 3),
(338, 3),
(341, 3),
(342, 3),
(345, 3),
(350, 3),
(351, 3),
(355, 3),
(357, 3),
(363, 3),
(364, 3),
(365, 3),
(366, 3),
(367, 3),
(371, 3),
(380, 3),
(390, 3),
(422, 3),
(437, 3),
(452, 3),
(456, 3),
(457, 3),
(464, 3),
(480, 3),
(493, 3),
(494, 3),
(505, 3),
(509, 3),
(512, 3),
(528, 3),
(531, 3),
(537, 3),
(543, 3),
(554, 3),
(563, 3),
(565, 3),
(568, 3),
(572, 3),
(584, 3),
(585, 3),
(588, 3),
(596, 3),
(612, 3),
(616, 3),
(622, 3),
(632, 3),
(636, 3),
(638, 3),
(645, 3),
(662, 3),
(663, 3),
(664, 3),
(666, 3),
(680, 3),
(688, 3),
(690, 3),
(695, 3),
(1, 4),
(207, 4),
(208, 4),
(209, 4),
(213, 4),
(215, 4),
(218, 4),
(228, 4),
(231, 4),
(232, 4),
(233, 4),
(235, 4),
(242, 4),
(252, 4),
(257, 4),
(264, 4),
(265, 4),
(272, 4),
(274, 4),
(276, 4),
(277, 4),
(286, 4),
(289, 4),
(293, 4),
(304, 4),
(309, 4),
(324, 4),
(325, 4),
(343, 4),
(381, 4),
(391, 4),
(392, 4),
(393, 4),
(394, 4),
(409, 4),
(411, 4),
(416, 4),
(428, 4),
(432, 4),
(435, 4),
(447, 4),
(449, 4),
(455, 4),
(462, 4),
(466, 4),
(477, 4),
(479, 4),
(483, 4),
(485, 4),
(486, 4),
(489, 4),
(490, 4),
(498, 4),
(503, 4),
(511, 4),
(518, 4),
(524, 4),
(526, 4),
(534, 4),
(536, 4),
(548, 4),
(560, 4),
(571, 4),
(573, 4),
(576, 4),
(609, 4),
(611, 4),
(621, 4),
(630, 4),
(635, 4),
(647, 4),
(660, 4),
(671, 4),
(694, 4),
(702, 4),
(1, 5),
(206, 5),
(216, 5),
(220, 5),
(223, 5),
(224, 5),
(226, 5),
(237, 5),
(240, 5),
(243, 5),
(247, 5),
(266, 5),
(270, 5),
(275, 5),
(279, 5),
(281, 5),
(282, 5),
(291, 5),
(292, 5),
(296, 5),
(300, 5),
(301, 5),
(307, 5),
(308, 5),
(313, 5),
(326, 5),
(339, 5),
(347, 5),
(356, 5),
(369, 5),
(376, 5),
(384, 5),
(385, 5),
(387, 5),
(397, 5),
(406, 5),
(408, 5),
(413, 5),
(419, 5),
(421, 5),
(429, 5),
(433, 5),
(445, 5),
(451, 5),
(461, 5),
(463, 5),
(478, 5),
(510, 5),
(517, 5),
(520, 5),
(521, 5),
(523, 5),
(527, 5),
(547, 5),
(553, 5),
(557, 5),
(562, 5),
(567, 5),
(578, 5),
(600, 5),
(607, 5),
(608, 5),
(613, 5),
(624, 5),
(625, 5),
(633, 5),
(642, 5),
(643, 5),
(646, 5),
(648, 5),
(649, 5),
(652, 5),
(653, 5),
(659, 5),
(661, 5),
(673, 5),
(674, 5),
(678, 5),
(682, 5),
(689, 5),
(697, 5),
(703, 5),
(1, 6),
(211, 6),
(217, 6),
(222, 6),
(230, 6),
(246, 6),
(253, 6),
(267, 6),
(271, 6),
(278, 6),
(294, 6),
(298, 6),
(312, 6),
(319, 6),
(322, 6),
(332, 6),
(346, 6),
(358, 6),
(359, 6),
(368, 6),
(374, 6),
(375, 6),
(378, 6),
(386, 6),
(402, 6),
(414, 6),
(418, 6),
(436, 6),
(438, 6),
(443, 6),
(444, 6),
(448, 6),
(454, 6),
(459, 6),
(468, 6),
(469, 6),
(471, 6),
(481, 6),
(487, 6),
(488, 6),
(496, 6),
(506, 6),
(508, 6),
(532, 6),
(538, 6),
(539, 6),
(544, 6),
(546, 6),
(549, 6),
(552, 6),
(559, 6),
(574, 6),
(577, 6),
(581, 6),
(582, 6),
(594, 6),
(602, 6),
(605, 6),
(615, 6),
(618, 6),
(620, 6),
(656, 6),
(675, 6),
(676, 6),
(685, 6),
(687, 6),
(696, 6),
(700, 6),
(1, 7),
(205, 7),
(214, 7),
(219, 7),
(225, 7),
(227, 7),
(238, 7),
(239, 7),
(250, 7),
(251, 7),
(256, 7),
(263, 7),
(268, 7),
(280, 7),
(284, 7),
(290, 7),
(317, 7),
(327, 7),
(336, 7),
(337, 7),
(361, 7),
(370, 7),
(372, 7),
(382, 7),
(383, 7),
(400, 7),
(405, 7),
(407, 7),
(412, 7),
(425, 7),
(431, 7),
(434, 7),
(439, 7),
(441, 7),
(465, 7),
(467, 7),
(472, 7),
(475, 7),
(484, 7),
(507, 7),
(513, 7),
(519, 7),
(530, 7),
(540, 7),
(541, 7),
(545, 7),
(550, 7),
(555, 7),
(564, 7),
(583, 7),
(586, 7),
(592, 7),
(593, 7),
(599, 7),
(606, 7),
(610, 7),
(627, 7),
(634, 7),
(644, 7),
(655, 7),
(667, 7),
(668, 7),
(672, 7),
(677, 7),
(683, 7),
(684, 7);

-- --------------------------------------------------------

--
-- Structure de la table `taggables`
--

CREATE TABLE IF NOT EXISTS `taggables` (
  `tag_id` int(10) unsigned NOT NULL,
  `taggable_id` int(11) NOT NULL,
  `taggable_type` varchar(255) COLLATE utf8_unicode_ci NOT NULL,
  KEY `taggables_tag_id_foreign` (`tag_id`)
) ENGINE=InnoDB DEFAULT CHARSET=utf8 COLLATE=utf8_unicode_ci;

--
-- Contenu de la table `taggables`
--

INSERT INTO `taggables` (`tag_id`, `taggable_id`, `taggable_type`) VALUES
(1, 21, 'App\\Post'),
(2, 22, 'App\\Post'),
(2, 23, 'App\\Post');

-- --------------------------------------------------------

--
-- Structure de la table `tags`
--

CREATE TABLE IF NOT EXISTS `tags` (
  `id` int(10) unsigned NOT NULL AUTO_INCREMENT,
  `nom` varchar(255) COLLATE utf8_unicode_ci NOT NULL,
  `slug` varchar(255) COLLATE utf8_unicode_ci NOT NULL,
  `created_at` timestamp NULL DEFAULT NULL,
  `updated_at` timestamp NULL DEFAULT NULL,
  PRIMARY KEY (`id`),
  UNIQUE KEY `tags_slug_unique` (`slug`)
) ENGINE=InnoDB  DEFAULT CHARSET=utf8 COLLATE=utf8_unicode_ci AUTO_INCREMENT=3 ;

--
-- Contenu de la table `tags`
--

INSERT INTO `tags` (`id`, `nom`, `slug`, `created_at`, `updated_at`) VALUES
(1, 'Coding', 'coding', '2016-08-31 22:00:00', '2016-08-31 22:00:00'),
(2, 'Autre', 'autre', '2016-09-01 22:00:00', '2016-09-01 22:00:00');

-- --------------------------------------------------------

--
-- Structure de la table `users`
--

CREATE TABLE IF NOT EXISTS `users` (
  `id` int(10) unsigned NOT NULL AUTO_INCREMENT,
  `name` varchar(255) COLLATE utf8_unicode_ci NOT NULL,
  `email` varchar(255) COLLATE utf8_unicode_ci NOT NULL,
  `password` varchar(255) COLLATE utf8_unicode_ci NOT NULL,
  `remember_token` varchar(100) COLLATE utf8_unicode_ci DEFAULT NULL,
  `created_at` timestamp NULL DEFAULT NULL,
  `updated_at` timestamp NULL DEFAULT NULL,
  `image` varchar(255) COLLATE utf8_unicode_ci DEFAULT 'avatar.jpg',
  PRIMARY KEY (`id`),
  UNIQUE KEY `users_email_unique` (`email`)
) ENGINE=InnoDB  DEFAULT CHARSET=utf8 COLLATE=utf8_unicode_ci AUTO_INCREMENT=704 ;

--
-- Contenu de la table `users`
--

INSERT INTO `users` (`id`, `name`, `email`, `password`, `remember_token`, `created_at`, `updated_at`, `image`) VALUES
(1, 'marcel', 'marcel@marcel.com', '$2y$10$BJCRZy1um0PCa.4wmYTU/OCRhBcnbFlFCXXHJ5ZKnV.lfQ7yF3flK', 'XkKDnqBMSNNOp4NAR4Gl1JZzsB6cuEtXZ8i0RrB2dAAb7iKN0eQo9tZXnQfU', '2016-08-28 17:08:23', '2016-08-29 19:46:52', 'powolnymarcel.png'),
(205, 'nkessler', 'mikel.nicolas@example.org', 'secret', NULL, '2016-08-28 20:45:14', '2016-08-28 20:45:14', 'avatar.jpg'),
(206, 'dhaley', 'abbigail69@example.org', 'secret', NULL, '2016-08-28 20:45:14', '2016-08-28 20:45:14', 'avatar.jpg'),
(207, 'johnson.afton', 'fhagenes@example.org', 'secret', NULL, '2016-08-28 20:45:14', '2016-08-28 20:45:14', 'avatar.jpg'),
(208, 'tre11', 'reed15@example.com', 'secret', NULL, '2016-08-28 20:45:15', '2016-08-28 20:45:15', 'avatar.jpg'),
(209, 'roxane66', 'proob@example.com', 'secret', NULL, '2016-08-28 20:45:15', '2016-08-28 20:45:15', 'avatar.jpg'),
(210, 'parisian.jacklyn', 'domenick28@example.net', 'secret', NULL, '2016-08-28 20:45:15', '2016-08-28 20:45:15', 'avatar.jpg'),
(211, 'anabelle.yost', 'jailyn.haley@example.com', 'secret', NULL, '2016-08-28 20:45:15', '2016-08-28 20:45:15', 'avatar.jpg'),
(212, 'gregory.langosh', 'tbogisich@example.com', 'secret', NULL, '2016-08-28 20:45:15', '2016-08-28 20:45:15', 'avatar.jpg'),
(213, 'justus35', 'qmarks@example.net', 'secret', NULL, '2016-08-28 20:45:15', '2016-08-28 20:45:15', 'avatar.jpg'),
(214, 'gislason.burdette', 'jonathon23@example.com', 'secret', NULL, '2016-08-28 20:45:15', '2016-08-28 20:45:15', 'avatar.jpg'),
(215, 'rosemarie.toy', 'andy.kuphal@example.org', 'secret', NULL, '2016-08-28 20:45:15', '2016-08-28 20:45:15', 'avatar.jpg'),
(216, 'corene.thompson', 'oschamberger@example.com', 'secret', NULL, '2016-08-28 20:45:15', '2016-08-28 20:45:15', 'avatar.jpg'),
(217, 'uhauck', 'leonora79@example.org', 'secret', NULL, '2016-08-28 20:45:15', '2016-08-28 20:45:15', 'avatar.jpg'),
(218, 'stiedemann.art', 'turner.monica@example.net', 'secret', NULL, '2016-08-28 20:45:15', '2016-08-28 20:45:15', 'avatar.jpg'),
(219, 'alexis.reichert', 'reginald.bailey@example.net', 'secret', NULL, '2016-08-28 20:45:15', '2016-08-28 20:45:15', 'avatar.jpg'),
(220, 'fay.trisha', 'lucas.morar@example.net', 'secret', NULL, '2016-08-28 20:45:15', '2016-08-28 20:45:15', 'avatar.jpg'),
(221, 'jocelyn81', 'wohara@example.com', 'secret', NULL, '2016-08-28 20:45:15', '2016-08-28 20:45:15', 'avatar.jpg'),
(222, 'al32', 'carter20@example.org', 'secret', NULL, '2016-08-28 20:45:15', '2016-08-28 20:45:15', 'avatar.jpg'),
(223, 'bleuschke', 'toy.lulu@example.net', 'secret', NULL, '2016-08-28 20:45:15', '2016-08-28 20:45:15', 'avatar.jpg'),
(224, 'mwilliamson', 'rreilly@example.com', 'secret', NULL, '2016-08-28 20:45:15', '2016-08-28 20:45:15', 'avatar.jpg'),
(225, 'kwuckert', 'moore.nelson@example.org', 'secret', NULL, '2016-08-28 20:45:15', '2016-08-28 20:45:15', 'avatar.jpg'),
(226, 'modesta.schaden', 'marcelina.pfannerstill@example.com', 'secret', NULL, '2016-08-28 20:45:15', '2016-08-28 20:45:15', 'avatar.jpg'),
(227, 'karolann.rowe', 'vicenta.greenfelder@example.org', 'secret', NULL, '2016-08-28 20:45:15', '2016-08-28 20:45:15', 'avatar.jpg'),
(228, 'malcolm.smith', 'wstroman@example.net', 'secret', NULL, '2016-08-28 20:45:15', '2016-08-28 20:45:15', 'avatar.jpg'),
(229, 'jmitchell', 'clint63@example.net', 'secret', NULL, '2016-08-28 20:45:15', '2016-08-28 20:45:15', 'avatar.jpg'),
(230, 'ohauck', 'chance93@example.net', 'secret', NULL, '2016-08-28 20:45:15', '2016-08-28 20:45:15', 'avatar.jpg'),
(231, 'bertrand59', 'pouros.chelsie@example.com', 'secret', NULL, '2016-08-28 20:45:15', '2016-08-28 20:45:15', 'avatar.jpg'),
(232, 'pacocha.chelsea', 'ahermiston@example.com', 'secret', NULL, '2016-08-28 20:45:15', '2016-08-28 20:45:15', 'avatar.jpg'),
(233, 'rossie27', 'block.polly@example.com', 'secret', NULL, '2016-08-28 20:45:15', '2016-08-28 20:45:15', 'avatar.jpg'),
(234, 'maida14', 'korey.quigley@example.net', 'secret', NULL, '2016-08-28 20:45:15', '2016-08-28 20:45:15', 'avatar.jpg'),
(235, 'eloisa.reichel', 'hermiston.unique@example.net', 'secret', NULL, '2016-08-28 20:45:15', '2016-08-28 20:45:15', 'avatar.jpg'),
(236, 'lacy23', 'antonina.kub@example.org', 'secret', NULL, '2016-08-28 20:45:15', '2016-08-28 20:45:15', 'avatar.jpg'),
(237, 'uaufderhar', 'roob.alfred@example.org', 'secret', NULL, '2016-08-28 20:45:15', '2016-08-28 20:45:15', 'avatar.jpg'),
(238, 'rocio.klein', 'raphael.rohan@example.net', 'secret', NULL, '2016-08-28 20:45:15', '2016-08-28 20:45:15', 'avatar.jpg'),
(239, 'von.sunny', 'dangelo23@example.org', 'secret', NULL, '2016-08-28 20:45:15', '2016-08-28 20:45:15', 'avatar.jpg'),
(240, 'qwilkinson', 'storphy@example.com', 'secret', NULL, '2016-08-28 20:45:15', '2016-08-28 20:45:15', 'avatar.jpg'),
(241, 'pcorkery', 'nblanda@example.net', 'secret', NULL, '2016-08-28 20:45:15', '2016-08-28 20:45:15', 'avatar.jpg'),
(242, 'ejohns', 'allene.lehner@example.org', 'secret', NULL, '2016-08-28 20:45:15', '2016-08-28 20:45:15', 'avatar.jpg'),
(243, 'viva77', 'kathryn.jones@example.net', 'secret', NULL, '2016-08-28 20:45:15', '2016-08-28 20:45:15', 'avatar.jpg'),
(244, 'schaden.brandy', 'gaston.pfannerstill@example.net', 'secret', NULL, '2016-08-28 20:45:15', '2016-08-28 20:45:15', 'avatar.jpg'),
(245, 'elton.auer', 'bogisich.prince@example.net', 'secret', NULL, '2016-08-28 20:45:15', '2016-08-28 20:45:15', 'avatar.jpg'),
(246, 'tressie.ondricka', 'pedro.tremblay@example.com', 'secret', NULL, '2016-08-28 20:45:15', '2016-08-28 20:45:15', 'avatar.jpg'),
(247, 'cali38', 'abagail84@example.net', 'secret', NULL, '2016-08-28 20:45:15', '2016-08-28 20:45:15', 'avatar.jpg'),
(248, 'qhettinger', 'merdman@example.com', 'secret', NULL, '2016-08-28 20:45:15', '2016-08-28 20:45:15', 'avatar.jpg'),
(249, 'hand.joaquin', 'kenyon.lowe@example.org', 'secret', NULL, '2016-08-28 20:45:15', '2016-08-28 20:45:15', 'avatar.jpg'),
(250, 'xander37', 'mariano.koss@example.org', 'secret', NULL, '2016-08-28 20:45:16', '2016-08-28 20:45:16', 'avatar.jpg'),
(251, 'jkihn', 'jensen84@example.net', 'secret', NULL, '2016-08-28 20:45:16', '2016-08-28 20:45:16', 'avatar.jpg'),
(252, 'cdooley', 'ncarroll@example.net', 'secret', NULL, '2016-08-28 20:45:16', '2016-08-28 20:45:16', 'avatar.jpg'),
(253, 'gdavis', 'zschimmel@example.net', 'secret', NULL, '2016-08-28 20:45:16', '2016-08-28 20:45:16', 'avatar.jpg'),
(254, 'zieme.alayna', 'uboehm@example.com', 'secret', NULL, '2016-08-28 20:45:16', '2016-08-28 20:45:16', 'avatar.jpg'),
(255, 'lee74', 'pfeeney@example.org', 'secret', NULL, '2016-08-28 21:52:00', '2016-08-28 21:52:00', 'avatar.jpg'),
(256, 'cassie55', 'corkery.ali@example.com', 'secret', NULL, '2016-08-28 21:52:00', '2016-08-28 21:52:00', 'avatar.jpg'),
(257, 'audreanne.kohler', 'krystal.schinner@example.org', 'secret', NULL, '2016-08-28 21:52:00', '2016-08-28 21:52:00', 'avatar.jpg'),
(258, 'ila.rohan', 'cayla.larson@example.com', 'secret', NULL, '2016-08-28 21:52:00', '2016-08-28 21:52:00', 'avatar.jpg'),
(259, 'murphy.darrin', 'louvenia11@example.org', 'secret', NULL, '2016-08-28 21:52:00', '2016-08-28 21:52:00', 'avatar.jpg'),
(260, 'justus.champlin', 'jannie.corkery@example.net', 'secret', NULL, '2016-08-28 21:52:00', '2016-08-28 21:52:00', 'avatar.jpg'),
(261, 'elvera52', 'anne.lemke@example.com', 'secret', NULL, '2016-08-28 21:52:00', '2016-08-28 21:52:00', 'avatar.jpg'),
(262, 'eddie12', 'kieran99@example.org', 'secret', NULL, '2016-08-28 21:52:00', '2016-08-28 21:52:00', 'avatar.jpg'),
(263, 'fabian.hodkiewicz', 'turner.esteban@example.org', 'secret', NULL, '2016-08-28 21:52:00', '2016-08-28 21:52:00', 'avatar.jpg'),
(264, 'dcormier', 'ayden22@example.net', 'secret', NULL, '2016-08-28 21:52:00', '2016-08-28 21:52:00', 'avatar.jpg'),
(265, 'abdullah68', 'vwalker@example.net', 'secret', NULL, '2016-08-28 21:52:00', '2016-08-28 21:52:00', 'avatar.jpg'),
(266, 'haley.erna', 'matilde.quigley@example.net', 'secret', NULL, '2016-08-28 21:52:00', '2016-08-28 21:52:00', 'avatar.jpg'),
(267, 'napoleon83', 'myrtle98@example.net', 'secret', NULL, '2016-08-28 21:52:00', '2016-08-28 21:52:00', 'avatar.jpg'),
(268, 'jbradtke', 'keon54@example.org', 'secret', NULL, '2016-08-28 21:52:00', '2016-08-28 21:52:00', 'avatar.jpg'),
(269, 'ernest.ferry', 'tavares.bahringer@example.net', 'secret', NULL, '2016-08-28 21:52:00', '2016-08-28 21:52:00', 'avatar.jpg'),
(270, 'carlotta.tremblay', 'maybelle51@example.net', 'secret', NULL, '2016-08-28 21:52:01', '2016-08-28 21:52:01', 'avatar.jpg'),
(271, 'susanna27', 'alize.skiles@example.com', 'secret', NULL, '2016-08-28 21:52:01', '2016-08-28 21:52:01', 'avatar.jpg'),
(272, 'israel.ferry', 'keeling.dakota@example.com', 'secret', NULL, '2016-08-28 21:52:01', '2016-08-28 21:52:01', 'avatar.jpg'),
(273, 'romaguera.randi', 'fkeebler@example.org', 'secret', NULL, '2016-08-28 21:52:01', '2016-08-28 21:52:01', 'avatar.jpg'),
(274, 'hettie49', 'gwendolyn84@example.org', 'secret', NULL, '2016-08-28 21:52:01', '2016-08-28 21:52:01', 'avatar.jpg'),
(275, 'rdickinson', 'jadon.kunze@example.net', 'secret', NULL, '2016-08-28 21:52:01', '2016-08-28 21:52:01', 'avatar.jpg'),
(276, 'brando15', 'rylee75@example.net', 'secret', NULL, '2016-08-28 21:52:01', '2016-08-28 21:52:01', 'avatar.jpg'),
(277, 'herzog.arlo', 'luigi.spencer@example.net', 'secret', NULL, '2016-08-28 21:52:01', '2016-08-28 21:52:01', 'avatar.jpg'),
(278, 'gkrajcik', 'lfahey@example.net', 'secret', NULL, '2016-08-28 21:52:01', '2016-08-28 21:52:01', 'avatar.jpg'),
(279, 'schaefer.paris', 'rosina.legros@example.net', 'secret', NULL, '2016-08-28 21:52:01', '2016-08-28 21:52:01', 'avatar.jpg'),
(280, 'runte.gabriella', 'kuhn.alverta@example.net', 'secret', NULL, '2016-08-28 21:52:01', '2016-08-28 21:52:01', 'avatar.jpg'),
(281, 'ecasper', 'parisian.antwan@example.com', 'secret', NULL, '2016-08-28 21:52:01', '2016-08-28 21:52:01', 'avatar.jpg'),
(282, 'lucienne.cassin', 'qschmidt@example.net', 'secret', NULL, '2016-08-28 21:52:01', '2016-08-28 21:52:01', 'avatar.jpg'),
(283, 'jan42', 'abbott.dana@example.net', 'secret', NULL, '2016-08-28 21:52:01', '2016-08-28 21:52:01', 'avatar.jpg'),
(284, 'johnson.olson', 'juanita27@example.com', 'secret', NULL, '2016-08-28 21:52:01', '2016-08-28 21:52:01', 'avatar.jpg'),
(285, 'dallas.orn', 'devyn.kilback@example.org', 'secret', NULL, '2016-08-28 21:52:01', '2016-08-28 21:52:01', 'avatar.jpg'),
(286, 'strosin.lillian', 'huel.fiona@example.com', 'secret', NULL, '2016-08-28 21:52:01', '2016-08-28 21:52:01', 'avatar.jpg'),
(287, 'eino.grimes', 'nkuhic@example.net', 'secret', NULL, '2016-08-28 21:52:01', '2016-08-28 21:52:01', 'avatar.jpg'),
(288, 'dean.yundt', 'ibecker@example.org', 'secret', NULL, '2016-08-28 21:52:01', '2016-08-28 21:52:01', 'avatar.jpg'),
(289, 'devonte49', 'miles.hoeger@example.net', 'secret', NULL, '2016-08-28 21:52:01', '2016-08-28 21:52:01', 'avatar.jpg'),
(290, 'kautzer.alyson', 'lang.lia@example.com', 'secret', NULL, '2016-08-28 21:52:01', '2016-08-28 21:52:01', 'avatar.jpg'),
(291, 'zwyman', 'swift.lela@example.org', 'secret', NULL, '2016-08-28 21:52:01', '2016-08-28 21:52:01', 'avatar.jpg'),
(292, 'webster.friesen', 'antonia.mayert@example.net', 'secret', NULL, '2016-08-28 21:52:01', '2016-08-28 21:52:01', 'avatar.jpg'),
(293, 'murray.macy', 'jasper.lowe@example.org', 'secret', NULL, '2016-08-28 21:52:01', '2016-08-28 21:52:01', 'avatar.jpg'),
(294, 'claudie04', 'maurice09@example.net', 'secret', NULL, '2016-08-28 21:52:01', '2016-08-28 21:52:01', 'avatar.jpg'),
(295, 'katlyn.hyatt', 'udurgan@example.net', 'secret', NULL, '2016-08-28 21:52:01', '2016-08-28 21:52:01', 'avatar.jpg'),
(296, 'syost', 'kgutkowski@example.com', 'secret', NULL, '2016-08-28 21:52:01', '2016-08-28 21:52:01', 'avatar.jpg'),
(297, 'billie48', 'kiel01@example.com', 'secret', NULL, '2016-08-28 21:52:01', '2016-08-28 21:52:01', 'avatar.jpg'),
(298, 'ashton20', 'blaise49@example.org', 'secret', NULL, '2016-08-28 21:52:01', '2016-08-28 21:52:01', 'avatar.jpg'),
(299, 'russel.kobe', 'fleta03@example.net', 'secret', NULL, '2016-08-28 21:52:01', '2016-08-28 21:52:01', 'avatar.jpg'),
(300, 'mosciski.yoshiko', 'schinner.nikita@example.org', 'secret', NULL, '2016-08-28 21:52:01', '2016-08-28 21:52:01', 'avatar.jpg'),
(301, 'runte.garrett', 'xwunsch@example.com', 'secret', NULL, '2016-08-28 21:52:01', '2016-08-28 21:52:01', 'avatar.jpg'),
(302, 'davis.kathleen', 'mvonrueden@example.com', 'secret', NULL, '2016-08-28 21:52:01', '2016-08-28 21:52:01', 'avatar.jpg'),
(303, 'terrill34', 'marcel32@example.com', 'secret', NULL, '2016-08-28 21:52:01', '2016-08-28 21:52:01', 'avatar.jpg'),
(304, 'evert.rath', 'deshaun28@example.com', 'secret', NULL, '2016-08-28 21:52:01', '2016-08-28 21:52:01', 'avatar.jpg'),
(305, 'mhyatt', 'kozey.van@example.org', 'secret', NULL, '2016-08-28 21:52:01', '2016-08-28 21:52:01', 'avatar.jpg'),
(306, 'kianna.parisian', 'jevon20@example.org', 'secret', NULL, '2016-08-28 21:52:01', '2016-08-28 21:52:01', 'avatar.jpg'),
(307, 'dach.sofia', 'walter.clara@example.net', 'secret', NULL, '2016-08-28 21:52:01', '2016-08-28 21:52:01', 'avatar.jpg'),
(308, 'oconroy', 'pweimann@example.com', 'secret', NULL, '2016-08-28 21:52:01', '2016-08-28 21:52:01', 'avatar.jpg'),
(309, 'pollich.anastasia', 'erick05@example.net', 'secret', NULL, '2016-08-28 21:52:01', '2016-08-28 21:52:01', 'avatar.jpg'),
(310, 'windler.jadon', 'dax68@example.net', 'secret', NULL, '2016-08-28 21:52:01', '2016-08-28 21:52:01', 'avatar.jpg'),
(311, 'grady.guiseppe', 'aryanna.davis@example.org', 'secret', NULL, '2016-08-28 21:52:01', '2016-08-28 21:52:01', 'avatar.jpg'),
(312, 'zreinger', 'russel.thalia@example.com', 'secret', NULL, '2016-08-28 21:52:01', '2016-08-28 21:52:01', 'avatar.jpg'),
(313, 'amely.yost', 'camila.damore@example.org', 'secret', NULL, '2016-08-28 21:52:01', '2016-08-28 21:52:01', 'avatar.jpg'),
(314, 'axel.williamson', 'chloe79@example.org', 'secret', NULL, '2016-08-28 21:52:01', '2016-08-28 21:52:01', 'avatar.jpg'),
(315, 'walker.dina', 'jacey.rice@example.net', 'secret', NULL, '2016-08-28 21:52:01', '2016-08-28 21:52:01', 'avatar.jpg'),
(316, 'amuller', 'henry.hills@example.net', 'secret', NULL, '2016-08-28 21:52:01', '2016-08-28 21:52:01', 'avatar.jpg'),
(317, 'dangelo.kilback', 'mglover@example.com', 'secret', NULL, '2016-08-28 21:52:01', '2016-08-28 21:52:01', 'avatar.jpg'),
(318, 'easter90', 'gsteuber@example.com', 'secret', NULL, '2016-08-28 21:52:01', '2016-08-28 21:52:01', 'avatar.jpg'),
(319, 'rtillman', 'itrantow@example.com', 'secret', NULL, '2016-08-28 21:52:02', '2016-08-28 21:52:02', 'avatar.jpg'),
(320, 'miller.edmund', 'beatrice.bartell@example.org', 'secret', NULL, '2016-08-28 21:52:02', '2016-08-28 21:52:02', 'avatar.jpg'),
(321, 'michel81', 'veum.alexandre@example.com', 'secret', NULL, '2016-08-28 21:52:02', '2016-08-28 21:52:02', 'avatar.jpg'),
(322, 'simonis.lupe', 'quigley.cornelius@example.net', 'secret', NULL, '2016-08-28 21:52:02', '2016-08-28 21:52:02', 'avatar.jpg'),
(323, 'sydnee.mclaughlin', 'obahringer@example.org', 'secret', NULL, '2016-08-28 21:52:02', '2016-08-28 21:52:02', 'avatar.jpg'),
(324, 'hdubuque', 'lueilwitz.amiya@example.com', 'secret', NULL, '2016-08-28 21:52:02', '2016-08-28 21:52:02', 'avatar.jpg'),
(325, 'ayla.weissnat', 'donald49@example.org', 'secret', NULL, '2016-08-28 21:52:02', '2016-08-28 21:52:02', 'avatar.jpg'),
(326, 'mconn', 'vmoen@example.com', 'secret', NULL, '2016-08-28 21:52:02', '2016-08-28 21:52:02', 'avatar.jpg'),
(327, 'isporer', 'della65@example.net', 'secret', NULL, '2016-08-28 21:52:02', '2016-08-28 21:52:02', 'avatar.jpg'),
(328, 'reinger.janet', 'parisian.kathleen@example.org', 'secret', NULL, '2016-08-28 21:52:02', '2016-08-28 21:52:02', 'avatar.jpg'),
(329, 'grady.dewitt', 'beahan.amie@example.com', 'secret', NULL, '2016-08-28 21:52:02', '2016-08-28 21:52:02', 'avatar.jpg'),
(330, 'plesch', 'bauch.patrick@example.org', 'secret', NULL, '2016-08-28 21:52:02', '2016-08-28 21:52:02', 'avatar.jpg'),
(331, 'roxane51', 'simonis.ana@example.com', 'secret', NULL, '2016-08-28 21:52:02', '2016-08-28 21:52:02', 'avatar.jpg'),
(332, 'amara.bogan', 'wilfredo48@example.org', 'secret', NULL, '2016-08-28 21:52:02', '2016-08-28 21:52:02', 'avatar.jpg'),
(333, 'arthur.dubuque', 'pstroman@example.com', 'secret', NULL, '2016-08-28 21:52:02', '2016-08-28 21:52:02', 'avatar.jpg'),
(334, 'block.chaim', 'mclaughlin.fausto@example.com', 'secret', NULL, '2016-08-28 21:52:02', '2016-08-28 21:52:02', 'avatar.jpg'),
(335, 'zoila65', 'kfay@example.net', 'secret', NULL, '2016-08-28 21:52:02', '2016-08-28 21:52:02', 'avatar.jpg'),
(336, 'pouros.audrey', 'brenda.hahn@example.org', 'secret', NULL, '2016-08-28 21:52:02', '2016-08-28 21:52:02', 'avatar.jpg'),
(337, 'rebekah35', 'aglae08@example.net', 'secret', NULL, '2016-08-28 21:52:02', '2016-08-28 21:52:02', 'avatar.jpg'),
(338, 'wvandervort', 'serenity.hickle@example.org', 'secret', NULL, '2016-08-28 21:52:02', '2016-08-28 21:52:02', 'avatar.jpg'),
(339, 'anderson53', 'zmcclure@example.com', 'secret', NULL, '2016-08-28 21:52:02', '2016-08-28 21:52:02', 'avatar.jpg'),
(340, 'stephanie41', 'ibrahim.simonis@example.org', 'secret', NULL, '2016-08-28 21:52:02', '2016-08-28 21:52:02', 'avatar.jpg'),
(341, 'nsauer', 'henri72@example.org', 'secret', NULL, '2016-08-28 21:52:02', '2016-08-28 21:52:02', 'avatar.jpg'),
(342, 'kenya85', 'ryan.alexandra@example.net', 'secret', NULL, '2016-08-28 21:52:02', '2016-08-28 21:52:02', 'avatar.jpg'),
(343, 'cturner', 'antoinette.kutch@example.net', 'secret', NULL, '2016-08-28 21:52:02', '2016-08-28 21:52:02', 'avatar.jpg'),
(344, 'cloyd00', 'edubuque@example.org', 'secret', NULL, '2016-08-28 21:52:02', '2016-08-28 21:52:02', 'avatar.jpg'),
(345, 'xbatz', 'hadley.davis@example.org', 'secret', NULL, '2016-08-28 21:52:02', '2016-08-28 21:52:02', 'avatar.jpg'),
(346, 'halvorson.patience', 'chahn@example.com', 'secret', NULL, '2016-08-28 21:52:02', '2016-08-28 21:52:02', 'avatar.jpg'),
(347, 'jodie82', 'justus46@example.org', 'secret', NULL, '2016-08-28 21:52:02', '2016-08-28 21:52:02', 'avatar.jpg'),
(348, 'elijah.wisoky', 'wilkinson.blair@example.org', 'secret', NULL, '2016-08-28 21:52:02', '2016-08-28 21:52:02', 'avatar.jpg'),
(349, 'monty01', 'dleannon@example.net', 'secret', NULL, '2016-08-28 21:52:02', '2016-08-28 21:52:02', 'avatar.jpg'),
(350, 'sgottlieb', 'corkery.cynthia@example.net', 'secret', NULL, '2016-08-28 21:52:02', '2016-08-28 21:52:02', 'avatar.jpg'),
(351, 'kdamore', 'kamille43@example.org', 'secret', NULL, '2016-08-28 21:52:02', '2016-08-28 21:52:02', 'avatar.jpg'),
(352, 'hwunsch', 'mckenzie.gregory@example.com', 'secret', NULL, '2016-08-28 21:52:02', '2016-08-28 21:52:02', 'avatar.jpg'),
(353, 'raina.wiegand', 'urowe@example.org', 'secret', NULL, '2016-08-28 21:52:02', '2016-08-28 21:52:02', 'avatar.jpg'),
(354, 'awalter', 'franecki.bo@example.org', 'secret', NULL, '2016-08-28 21:52:02', '2016-08-28 21:52:02', 'avatar.jpg'),
(355, 'tyreek78', 'qjast@example.net', 'secret', NULL, '2016-08-28 21:52:02', '2016-08-28 21:52:02', 'avatar.jpg'),
(356, 'liam60', 'corine.bartell@example.com', 'secret', NULL, '2016-08-28 21:52:02', '2016-08-28 21:52:02', 'avatar.jpg'),
(357, 'marina.wolff', 'kyra.kunze@example.org', 'secret', NULL, '2016-08-28 21:52:02', '2016-08-28 21:52:02', 'avatar.jpg'),
(358, 'javier81', 'pablo.reynolds@example.org', 'secret', NULL, '2016-08-28 21:52:02', '2016-08-28 21:52:02', 'avatar.jpg'),
(359, 'carole.swift', 'quinton.dare@example.com', 'secret', NULL, '2016-08-28 21:52:02', '2016-08-28 21:52:02', 'avatar.jpg'),
(360, 'collins.chelsey', 'kling.andrew@example.org', 'secret', NULL, '2016-08-28 21:52:02', '2016-08-28 21:52:02', 'avatar.jpg'),
(361, 'victoria.mcglynn', 'sawayn.jan@example.net', 'secret', NULL, '2016-08-28 21:52:02', '2016-08-28 21:52:02', 'avatar.jpg'),
(362, 'hbauch', 'kling.seamus@example.com', 'secret', NULL, '2016-08-28 21:52:02', '2016-08-28 21:52:02', 'avatar.jpg'),
(363, 'flavio.lubowitz', 'lemuel.bruen@example.org', 'secret', NULL, '2016-08-28 21:52:02', '2016-08-28 21:52:02', 'avatar.jpg'),
(364, 'jackeline02', 'lazaro17@example.com', 'secret', NULL, '2016-08-28 21:52:02', '2016-08-28 21:52:02', 'avatar.jpg'),
(365, 'natalie16', 'herzog.jeff@example.org', 'secret', NULL, '2016-08-28 21:52:02', '2016-08-28 21:52:02', 'avatar.jpg'),
(366, 'eva01', 'wallace.monahan@example.net', 'secret', NULL, '2016-08-28 21:52:02', '2016-08-28 21:52:02', 'avatar.jpg'),
(367, 'ncollier', 'nolan36@example.net', 'secret', NULL, '2016-08-28 21:52:02', '2016-08-28 21:52:02', 'avatar.jpg'),
(368, 'tremayne.friesen', 'kristian.mills@example.com', 'secret', NULL, '2016-08-28 21:52:02', '2016-08-28 21:52:02', 'avatar.jpg'),
(369, 'jeremie68', 'kaelyn.cartwright@example.com', 'secret', NULL, '2016-08-28 21:52:02', '2016-08-28 21:52:02', 'avatar.jpg'),
(370, 'tillman.nigel', 'bechtelar.jerald@example.org', 'secret', NULL, '2016-08-28 21:52:03', '2016-08-28 21:52:03', 'avatar.jpg'),
(371, 'gloria.maggio', 'rosetta50@example.org', 'secret', NULL, '2016-08-28 21:52:03', '2016-08-28 21:52:03', 'avatar.jpg'),
(372, 'brunolfsson', 'raoul.eichmann@example.org', 'secret', NULL, '2016-08-28 21:52:03', '2016-08-28 21:52:03', 'avatar.jpg'),
(373, 'cordie.monahan', 'thowe@example.net', 'secret', NULL, '2016-08-28 21:52:03', '2016-08-28 21:52:03', 'avatar.jpg'),
(374, 'vicente90', 'schumm.javon@example.com', 'secret', NULL, '2016-08-28 21:52:03', '2016-08-28 21:52:03', 'avatar.jpg'),
(375, 'casper95', 'jenkins.nora@example.com', 'secret', NULL, '2016-08-28 21:52:03', '2016-08-28 21:52:03', 'avatar.jpg'),
(376, 'koch.keyshawn', 'mayer.kareem@example.net', 'secret', NULL, '2016-08-28 21:52:03', '2016-08-28 21:52:03', 'avatar.jpg'),
(377, 'opouros', 'carmen.zemlak@example.com', 'secret', NULL, '2016-08-28 21:52:03', '2016-08-28 21:52:03', 'avatar.jpg'),
(378, 'kuhic.crystel', 'frath@example.com', 'secret', NULL, '2016-08-28 21:52:03', '2016-08-28 21:52:03', 'avatar.jpg'),
(379, 'zena00', 'fsawayn@example.com', 'secret', NULL, '2016-08-28 21:52:03', '2016-08-28 21:52:03', 'avatar.jpg'),
(380, 'jackeline93', 'courtney35@example.com', 'secret', NULL, '2016-08-28 21:52:03', '2016-08-28 21:52:03', 'avatar.jpg'),
(381, 'elvis.farrell', 'ahmad11@example.org', 'secret', NULL, '2016-08-28 21:52:03', '2016-08-28 21:52:03', 'avatar.jpg'),
(382, 'micaela16', 'dolly.strosin@example.org', 'secret', NULL, '2016-08-28 21:52:03', '2016-08-28 21:52:03', 'avatar.jpg'),
(383, 'gerry.ebert', 'ellie.schuster@example.com', 'secret', NULL, '2016-08-28 21:52:03', '2016-08-28 21:52:03', 'avatar.jpg'),
(384, 'blanda.mazie', 'gladyce16@example.net', 'secret', NULL, '2016-08-28 21:52:03', '2016-08-28 21:52:03', 'avatar.jpg'),
(385, 'loreilly', 'tkoss@example.net', 'secret', NULL, '2016-08-28 21:52:03', '2016-08-28 21:52:03', 'avatar.jpg'),
(386, 'ila.heller', 'jeffry17@example.org', 'secret', NULL, '2016-08-28 21:52:03', '2016-08-28 21:52:03', 'avatar.jpg'),
(387, 'carmen79', 'luz.schumm@example.org', 'secret', NULL, '2016-08-28 21:52:03', '2016-08-28 21:52:03', 'avatar.jpg'),
(388, 'emanuel.walter', 'yframi@example.com', 'secret', NULL, '2016-08-28 21:52:03', '2016-08-28 21:52:03', 'avatar.jpg'),
(389, 'jschneider', 'kenna60@example.net', 'secret', NULL, '2016-08-28 21:52:03', '2016-08-28 21:52:03', 'avatar.jpg'),
(390, 'roberts.augustus', 'denesik.savannah@example.com', 'secret', NULL, '2016-08-28 21:52:03', '2016-08-28 21:52:03', 'avatar.jpg'),
(391, 'norval11', 'clarson@example.org', 'secret', NULL, '2016-08-28 21:52:03', '2016-08-28 21:52:03', 'avatar.jpg'),
(392, 'eladio39', 'tmclaughlin@example.net', 'secret', NULL, '2016-08-28 21:52:03', '2016-08-28 21:52:03', 'avatar.jpg'),
(393, 'federico.towne', 'tskiles@example.net', 'secret', NULL, '2016-08-28 21:52:03', '2016-08-28 21:52:03', 'avatar.jpg'),
(394, 'bogan.andreanne', 'kozey.jocelyn@example.com', 'secret', NULL, '2016-08-28 21:52:03', '2016-08-28 21:52:03', 'avatar.jpg'),
(395, 'audra.tillman', 'borer.ewell@example.org', 'secret', NULL, '2016-08-28 21:52:03', '2016-08-28 21:52:03', 'avatar.jpg'),
(396, 'everette.rippin', 'tremblay.lorenzo@example.com', 'secret', NULL, '2016-08-28 21:52:03', '2016-08-28 21:52:03', 'avatar.jpg'),
(397, 'shyann62', 'mkerluke@example.org', 'secret', NULL, '2016-08-28 21:52:03', '2016-08-28 21:52:03', 'avatar.jpg'),
(398, 'ygulgowski', 'pkonopelski@example.com', 'secret', NULL, '2016-08-28 21:52:03', '2016-08-28 21:52:03', 'avatar.jpg'),
(399, 'alejandra95', 'hayes.yazmin@example.com', 'secret', NULL, '2016-08-28 21:52:03', '2016-08-28 21:52:03', 'avatar.jpg'),
(400, 'schaefer.reina', 'mlittel@example.com', 'secret', NULL, '2016-08-28 21:52:03', '2016-08-28 21:52:03', 'avatar.jpg'),
(401, 'ckeeling', 'wilburn.mills@example.net', 'secret', NULL, '2016-08-28 21:52:03', '2016-08-28 21:52:03', 'avatar.jpg'),
(402, 'harvey.kavon', 'harrison07@example.org', 'secret', NULL, '2016-08-28 21:52:03', '2016-08-28 21:52:03', 'avatar.jpg'),
(403, 'casimir07', 'ruby.grant@example.com', 'secret', NULL, '2016-08-28 21:52:03', '2016-08-28 21:52:03', 'avatar.jpg'),
(404, 'hilda.mcglynn', 'bcartwright@example.net', 'secret', NULL, '2016-08-28 21:52:03', '2016-08-28 21:52:03', 'avatar.jpg'),
(405, 'gutkowski.andreane', 'wilhelmine02@example.net', 'secret', NULL, '2016-08-28 21:52:03', '2016-08-28 21:52:03', 'avatar.jpg'),
(406, 'vemmerich', 'sedrick.bergnaum@example.org', 'secret', NULL, '2016-08-28 21:52:03', '2016-08-28 21:52:03', 'avatar.jpg'),
(407, 'nels.ullrich', 'hortense61@example.com', 'secret', NULL, '2016-08-28 21:52:03', '2016-08-28 21:52:03', 'avatar.jpg'),
(408, 'jaskolski.myrtice', 'sage27@example.com', 'secret', NULL, '2016-08-28 21:52:03', '2016-08-28 21:52:03', 'avatar.jpg'),
(409, 'sylvester59', 'jones.connor@example.org', 'secret', NULL, '2016-08-28 21:52:03', '2016-08-28 21:52:03', 'avatar.jpg'),
(410, 'slindgren', 'kiana.spencer@example.com', 'secret', NULL, '2016-08-28 21:52:03', '2016-08-28 21:52:03', 'avatar.jpg'),
(411, 'heller.bryana', 'wilson80@example.com', 'secret', NULL, '2016-08-28 21:52:03', '2016-08-28 21:52:03', 'avatar.jpg'),
(412, 'phalvorson', 'joannie.langosh@example.com', 'secret', NULL, '2016-08-28 21:52:03', '2016-08-28 21:52:03', 'avatar.jpg'),
(413, 'dillan20', 'mblock@example.org', 'secret', NULL, '2016-08-28 21:52:03', '2016-08-28 21:52:03', 'avatar.jpg'),
(414, 'harrison.reichel', 'blockman@example.org', 'secret', NULL, '2016-08-28 21:52:03', '2016-08-28 21:52:03', 'avatar.jpg'),
(415, 'ykunde', 'clemens.reichel@example.com', 'secret', NULL, '2016-08-28 21:52:03', '2016-08-28 21:52:03', 'avatar.jpg'),
(416, 'sporer.alexandra', 'xblick@example.com', 'secret', NULL, '2016-08-28 21:52:03', '2016-08-28 21:52:03', 'avatar.jpg'),
(417, 'betty.berge', 'margarette.gaylord@example.com', 'secret', NULL, '2016-08-28 21:52:04', '2016-08-28 21:52:04', 'avatar.jpg'),
(418, 'ujones', 'phartmann@example.com', 'secret', NULL, '2016-08-28 21:52:04', '2016-08-28 21:52:04', 'avatar.jpg'),
(419, 'ldickinson', 'jskiles@example.com', 'secret', NULL, '2016-08-28 21:52:04', '2016-08-28 21:52:04', 'avatar.jpg'),
(420, 'lilliana92', 'hintz.sylvan@example.org', 'secret', NULL, '2016-08-28 21:52:04', '2016-08-28 21:52:04', 'avatar.jpg'),
(421, 'pearlie98', 'edwardo43@example.org', 'secret', NULL, '2016-08-28 21:52:04', '2016-08-28 21:52:04', 'avatar.jpg'),
(422, 'gene.collier', 'lloyd22@example.com', 'secret', NULL, '2016-08-28 21:52:04', '2016-08-28 21:52:04', 'avatar.jpg'),
(423, 'mayert.kathryn', 'rudy11@example.net', 'secret', NULL, '2016-08-28 21:52:04', '2016-08-28 21:52:04', 'avatar.jpg'),
(424, 'kovacek.jordy', 'cecelia47@example.com', 'secret', NULL, '2016-08-28 21:52:04', '2016-08-28 21:52:04', 'avatar.jpg'),
(425, 'cathrine.predovic', 'monahan.brionna@example.net', 'secret', NULL, '2016-08-28 21:52:04', '2016-08-28 21:52:04', 'avatar.jpg'),
(426, 'marta13', 'fabiola.torp@example.net', 'secret', NULL, '2016-08-28 21:52:04', '2016-08-28 21:52:04', 'avatar.jpg'),
(427, 'sporer.freda', 'kmarks@example.com', 'secret', NULL, '2016-08-28 21:52:04', '2016-08-28 21:52:04', 'avatar.jpg'),
(428, 'ayden.olson', 'mledner@example.net', 'secret', NULL, '2016-08-28 21:52:04', '2016-08-28 21:52:04', 'avatar.jpg'),
(429, 'aniya.cronin', 'tavares.kuphal@example.com', 'secret', NULL, '2016-08-28 21:52:04', '2016-08-28 21:52:04', 'avatar.jpg'),
(430, 'carolanne.gorczany', 'erick.heidenreich@example.org', 'secret', NULL, '2016-08-28 21:52:04', '2016-08-28 21:52:04', 'avatar.jpg'),
(431, 'jaleel.prohaska', 'zoberbrunner@example.com', 'secret', NULL, '2016-08-28 21:52:04', '2016-08-28 21:52:04', 'avatar.jpg'),
(432, 'goyette.garnet', 'mckayla.schiller@example.com', 'secret', NULL, '2016-08-28 21:52:04', '2016-08-28 21:52:04', 'avatar.jpg'),
(433, 'brennan05', 'feil.gonzalo@example.org', 'secret', NULL, '2016-08-28 21:52:04', '2016-08-28 21:52:04', 'avatar.jpg'),
(434, 'johnnie45', 'hettinger.emerald@example.org', 'secret', NULL, '2016-08-28 21:52:04', '2016-08-28 21:52:04', 'avatar.jpg'),
(435, 'kutch.vada', 'tcole@example.com', 'secret', NULL, '2016-08-28 21:52:04', '2016-08-28 21:52:04', 'avatar.jpg'),
(436, 'sally02', 'enos90@example.net', 'secret', NULL, '2016-08-28 21:52:04', '2016-08-28 21:52:04', 'avatar.jpg'),
(437, 'alfonso48', 'magdalen47@example.org', 'secret', NULL, '2016-08-28 21:52:04', '2016-08-28 21:52:04', 'avatar.jpg'),
(438, 'kathlyn42', 'filomena86@example.com', 'secret', NULL, '2016-08-28 21:52:04', '2016-08-28 21:52:04', 'avatar.jpg'),
(439, 'kerluke.maxine', 'hartmann.rahsaan@example.net', 'secret', NULL, '2016-08-28 21:52:04', '2016-08-28 21:52:04', 'avatar.jpg'),
(440, 'clare.hartmann', 'kuhlman.cleo@example.org', 'secret', NULL, '2016-08-28 21:52:04', '2016-08-28 21:52:04', 'avatar.jpg'),
(441, 'eloise.ledner', 'unique29@example.org', 'secret', NULL, '2016-08-28 21:52:04', '2016-08-28 21:52:04', 'avatar.jpg'),
(442, 'akeem.schmitt', 'cartwright.kamryn@example.net', 'secret', NULL, '2016-08-28 21:52:04', '2016-08-28 21:52:04', 'avatar.jpg'),
(443, 'osmith', 'khuels@example.com', 'secret', NULL, '2016-08-28 21:52:04', '2016-08-28 21:52:04', 'avatar.jpg'),
(444, 'lera82', 'lilyan.franecki@example.com', 'secret', NULL, '2016-08-28 21:52:04', '2016-08-28 21:52:04', 'avatar.jpg'),
(445, 'kristian.jacobson', 'lubowitz.americo@example.org', 'secret', NULL, '2016-08-28 21:52:04', '2016-08-28 21:52:04', 'avatar.jpg'),
(446, 'dock.breitenberg', 'ssawayn@example.org', 'secret', NULL, '2016-08-28 21:52:04', '2016-08-28 21:52:04', 'avatar.jpg'),
(447, 'sawayn.johann', 'weimann.daisy@example.org', 'secret', NULL, '2016-08-28 21:52:04', '2016-08-28 21:52:04', 'avatar.jpg'),
(448, 'gleannon', 'bbayer@example.net', 'secret', NULL, '2016-08-28 21:52:04', '2016-08-28 21:52:04', 'avatar.jpg'),
(449, 'alvera.schroeder', 'wwehner@example.com', 'secret', NULL, '2016-08-28 21:52:04', '2016-08-28 21:52:04', 'avatar.jpg'),
(450, 'kayden.borer', 'lwatsica@example.org', 'secret', NULL, '2016-08-28 21:52:04', '2016-08-28 21:52:04', 'avatar.jpg'),
(451, 'graham32', 'jazmyne12@example.net', 'secret', NULL, '2016-08-28 21:52:04', '2016-08-28 21:52:04', 'avatar.jpg'),
(452, 'jgreenfelder', 'joannie77@example.net', 'secret', NULL, '2016-08-28 21:52:04', '2016-08-28 21:52:04', 'avatar.jpg'),
(453, 'amcdermott', 'kuhic.vida@example.com', 'secret', NULL, '2016-08-28 21:52:04', '2016-08-28 21:52:04', 'avatar.jpg'),
(454, 'ivory02', 'marcos71@example.com', 'secret', NULL, '2016-08-28 21:52:04', '2016-08-28 21:52:04', 'avatar.jpg'),
(455, 'brekke.hermann', 'smoen@example.com', 'secret', NULL, '2016-08-28 21:52:04', '2016-08-28 21:52:04', 'avatar.jpg'),
(456, 'myrna27', 'josiane.auer@example.net', 'secret', NULL, '2016-08-28 21:52:04', '2016-08-28 21:52:04', 'avatar.jpg'),
(457, 'jsawayn', 'polly84@example.org', 'secret', NULL, '2016-08-28 21:52:04', '2016-08-28 21:52:04', 'avatar.jpg'),
(458, 'stroman.taylor', 'rnikolaus@example.com', 'secret', NULL, '2016-08-28 21:52:04', '2016-08-28 21:52:04', 'avatar.jpg'),
(459, 'jfeil', 'maud.kiehn@example.com', 'secret', NULL, '2016-08-28 21:52:04', '2016-08-28 21:52:04', 'avatar.jpg'),
(460, 'fvonrueden', 'eliseo.wuckert@example.net', 'secret', NULL, '2016-08-28 21:52:04', '2016-08-28 21:52:04', 'avatar.jpg'),
(461, 'tatum96', 'hreilly@example.com', 'secret', NULL, '2016-08-28 21:52:04', '2016-08-28 21:52:04', 'avatar.jpg'),
(462, 'susana03', 'deven.cremin@example.com', 'secret', NULL, '2016-08-28 21:52:04', '2016-08-28 21:52:04', 'avatar.jpg'),
(463, 'jordyn.ebert', 'fdibbert@example.org', 'secret', NULL, '2016-08-28 21:52:04', '2016-08-28 21:52:04', 'avatar.jpg'),
(464, 'america93', 'micah.hane@example.net', 'secret', NULL, '2016-08-28 21:52:04', '2016-08-28 21:52:04', 'avatar.jpg'),
(465, 'xschuster', 'jamil.hettinger@example.org', 'secret', NULL, '2016-08-28 21:52:05', '2016-08-28 21:52:05', 'avatar.jpg'),
(466, 'kgreen', 'jakubowski.doyle@example.org', 'secret', NULL, '2016-08-28 21:52:05', '2016-08-28 21:52:05', 'avatar.jpg'),
(467, 'reynolds.malika', 'mbuckridge@example.net', 'secret', NULL, '2016-08-28 21:52:05', '2016-08-28 21:52:05', 'avatar.jpg'),
(468, 'ymurazik', 'eric22@example.com', 'secret', NULL, '2016-08-28 21:52:05', '2016-08-28 21:52:05', 'avatar.jpg'),
(469, 'clinton.batz', 'kayli07@example.net', 'secret', NULL, '2016-08-28 21:52:05', '2016-08-28 21:52:05', 'avatar.jpg'),
(470, 'dooley.guy', 'bquitzon@example.net', 'secret', NULL, '2016-08-28 21:52:05', '2016-08-28 21:52:05', 'avatar.jpg'),
(471, 'nolan.lonzo', 'nella.torphy@example.com', 'secret', NULL, '2016-08-28 21:52:05', '2016-08-28 21:52:05', 'avatar.jpg'),
(472, 'oherman', 'eschaden@example.com', 'secret', NULL, '2016-08-28 21:52:05', '2016-08-28 21:52:05', 'avatar.jpg'),
(473, 'wstracke', 'robb.olson@example.net', 'secret', NULL, '2016-08-28 21:52:05', '2016-08-28 21:52:05', 'avatar.jpg'),
(474, 'jonas.nader', 'freda.damore@example.com', 'secret', NULL, '2016-08-28 21:52:05', '2016-08-28 21:52:05', 'avatar.jpg'),
(475, 'greyson.aufderhar', 'wilfredo60@example.net', 'secret', NULL, '2016-08-28 21:52:05', '2016-08-28 21:52:05', 'avatar.jpg'),
(476, 'evans07', 'jay.crist@example.com', 'secret', NULL, '2016-08-28 21:52:05', '2016-08-28 21:52:05', 'avatar.jpg'),
(477, 'mann.horace', 'mdickinson@example.com', 'secret', NULL, '2016-08-28 21:52:05', '2016-08-28 21:52:05', 'avatar.jpg'),
(478, 'pfeffer.alysa', 'annabel13@example.com', 'secret', NULL, '2016-08-28 21:52:05', '2016-08-28 21:52:05', 'avatar.jpg'),
(479, 'nader.shanna', 'hattie60@example.net', 'secret', NULL, '2016-08-28 21:52:05', '2016-08-28 21:52:05', 'avatar.jpg'),
(480, 'theo.kreiger', 'cmetz@example.org', 'secret', NULL, '2016-08-28 21:52:05', '2016-08-28 21:52:05', 'avatar.jpg'),
(481, 'stehr.frankie', 'jessy.lemke@example.org', 'secret', NULL, '2016-08-28 21:52:05', '2016-08-28 21:52:05', 'avatar.jpg'),
(482, 'ugutmann', 'triston42@example.org', 'secret', NULL, '2016-08-28 21:52:05', '2016-08-28 21:52:05', 'avatar.jpg'),
(483, 'torphy.guy', 'agreenholt@example.net', 'secret', NULL, '2016-08-28 21:52:05', '2016-08-28 21:52:05', 'avatar.jpg'),
(484, 'arogahn', 'ybarton@example.net', 'secret', NULL, '2016-08-28 21:52:05', '2016-08-28 21:52:05', 'avatar.jpg'),
(485, 'reinger.raul', 'rhea81@example.com', 'secret', NULL, '2016-08-28 21:52:05', '2016-08-28 21:52:05', 'avatar.jpg'),
(486, 'carol.cremin', 'antonette.ortiz@example.com', 'secret', NULL, '2016-08-28 21:52:05', '2016-08-28 21:52:05', 'avatar.jpg'),
(487, 'growe', 'alfonzo72@example.com', 'secret', NULL, '2016-08-28 21:52:05', '2016-08-28 21:52:05', 'avatar.jpg'),
(488, 'lang.ines', 'beahan.ciara@example.net', 'secret', NULL, '2016-08-28 21:52:05', '2016-08-28 21:52:05', 'avatar.jpg'),
(489, 'pmayer', 'shields.gussie@example.com', 'secret', NULL, '2016-08-28 21:52:05', '2016-08-28 21:52:05', 'avatar.jpg'),
(490, 'gene16', 'ajohnson@example.net', 'secret', NULL, '2016-08-28 21:52:05', '2016-08-28 21:52:05', 'avatar.jpg'),
(491, 'cstehr', 'madison.von@example.com', 'secret', NULL, '2016-08-28 21:52:05', '2016-08-28 21:52:05', 'avatar.jpg'),
(492, 'denis.bechtelar', 'arne13@example.org', 'secret', NULL, '2016-08-28 21:52:05', '2016-08-28 21:52:05', 'avatar.jpg'),
(493, 'reagan88', 'sammie06@example.org', 'secret', NULL, '2016-08-28 21:52:05', '2016-08-28 21:52:05', 'avatar.jpg'),
(494, 'collier.nelda', 'geovanni39@example.com', 'secret', NULL, '2016-08-28 21:52:05', '2016-08-28 21:52:05', 'avatar.jpg'),
(495, 'furman29', 'jalon82@example.com', 'secret', NULL, '2016-08-28 21:52:05', '2016-08-28 21:52:05', 'avatar.jpg'),
(496, 'raleigh41', 'moen.libby@example.net', 'secret', NULL, '2016-08-28 21:52:05', '2016-08-28 21:52:05', 'avatar.jpg'),
(497, 'dana57', 'jacinthe.auer@example.com', 'secret', NULL, '2016-08-28 21:52:05', '2016-08-28 21:52:05', 'avatar.jpg'),
(498, 'hessel.anita', 'kcollins@example.org', 'secret', NULL, '2016-08-28 21:52:05', '2016-08-28 21:52:05', 'avatar.jpg'),
(499, 'aron.morissette', 'noel.maggio@example.org', 'secret', NULL, '2016-08-28 21:52:05', '2016-08-28 21:52:05', 'avatar.jpg'),
(500, 'goodwin.creola', 'torp.tressa@example.org', 'secret', NULL, '2016-08-28 21:52:05', '2016-08-28 21:52:05', 'avatar.jpg'),
(501, 'stephanie99', 'zmosciski@example.com', 'secret', NULL, '2016-08-28 21:52:05', '2016-08-28 21:52:05', 'avatar.jpg'),
(502, 'lgoldner', 'angeline.oconnell@example.com', 'secret', NULL, '2016-08-28 21:52:05', '2016-08-28 21:52:05', 'avatar.jpg'),
(503, 'uriel42', 'noelia.collins@example.com', 'secret', NULL, '2016-08-28 21:52:05', '2016-08-28 21:52:05', 'avatar.jpg'),
(504, 'antoinette16', 'boconner@example.org', 'secret', NULL, '2016-08-28 21:52:05', '2016-08-28 21:52:05', 'avatar.jpg'),
(505, 'ewalker', 'labadie.koby@example.com', 'secret', NULL, '2016-08-28 21:52:05', '2016-08-28 21:52:05', 'avatar.jpg'),
(506, 'rmoen', 'abner06@example.net', 'secret', NULL, '2016-08-28 21:52:05', '2016-08-28 21:52:05', 'avatar.jpg'),
(507, 'wilbert15', 'esawayn@example.org', 'secret', NULL, '2016-08-28 21:52:05', '2016-08-28 21:52:05', 'avatar.jpg'),
(508, 'crona.claire', 'katherine.willms@example.com', 'secret', NULL, '2016-08-28 21:52:05', '2016-08-28 21:52:05', 'avatar.jpg'),
(509, 'rohan.brielle', 'savannah89@example.org', 'secret', NULL, '2016-08-28 21:52:05', '2016-08-28 21:52:05', 'avatar.jpg'),
(510, 'vincenza88', 'kaci.satterfield@example.com', 'secret', NULL, '2016-08-28 21:52:05', '2016-08-28 21:52:05', 'avatar.jpg'),
(511, 'erdman.finn', 'steuber.stanton@example.org', 'secret', NULL, '2016-08-28 21:52:05', '2016-08-28 21:52:05', 'avatar.jpg'),
(512, 'burdette92', 'ola.pollich@example.net', 'secret', NULL, '2016-08-28 21:52:05', '2016-08-28 21:52:05', 'avatar.jpg'),
(513, 'bode.maeve', 'junior.aufderhar@example.com', 'secret', NULL, '2016-08-28 21:52:05', '2016-08-28 21:52:05', 'avatar.jpg'),
(514, 'nelson38', 'bruen.delia@example.net', 'secret', NULL, '2016-08-28 21:52:06', '2016-08-28 21:52:06', 'avatar.jpg'),
(515, 'ftromp', 'kstokes@example.net', 'secret', NULL, '2016-08-28 21:52:06', '2016-08-28 21:52:06', 'avatar.jpg'),
(516, 'braulio.shields', 'richard.franecki@example.com', 'secret', NULL, '2016-08-28 21:52:06', '2016-08-28 21:52:06', 'avatar.jpg'),
(517, 'davis.mittie', 'blanche33@example.net', 'secret', NULL, '2016-08-28 21:52:06', '2016-08-28 21:52:06', 'avatar.jpg'),
(518, 'gabriella99', 'sherwood.crona@example.org', 'secret', NULL, '2016-08-28 21:52:06', '2016-08-28 21:52:06', 'avatar.jpg'),
(519, 'deonte28', 'hjast@example.org', 'secret', NULL, '2016-08-28 21:52:06', '2016-08-28 21:52:06', 'avatar.jpg'),
(520, 'bonnie38', 'stroman.logan@example.com', 'secret', NULL, '2016-08-28 21:52:06', '2016-08-28 21:52:06', 'avatar.jpg'),
(521, 'desmond53', 'tomasa.blick@example.org', 'secret', NULL, '2016-08-28 21:52:06', '2016-08-28 21:52:06', 'avatar.jpg'),
(522, 'cleta04', 'lennie19@example.com', 'secret', NULL, '2016-08-28 21:52:06', '2016-08-28 21:52:06', 'avatar.jpg'),
(523, 'ubruen', 'reese92@example.com', 'secret', NULL, '2016-08-28 21:52:06', '2016-08-28 21:52:06', 'avatar.jpg'),
(524, 'modesta.rempel', 'lhickle@example.net', 'secret', NULL, '2016-08-28 21:52:06', '2016-08-28 21:52:06', 'avatar.jpg'),
(525, 'gonzalo.mertz', 'helen12@example.org', 'secret', NULL, '2016-08-28 21:52:06', '2016-08-28 21:52:06', 'avatar.jpg'),
(526, 'mueller.jennifer', 'qchamplin@example.org', 'secret', NULL, '2016-08-28 21:52:06', '2016-08-28 21:52:06', 'avatar.jpg'),
(527, 'cgusikowski', 'tremayne.stanton@example.org', 'secret', NULL, '2016-08-28 21:52:06', '2016-08-28 21:52:06', 'avatar.jpg'),
(528, 'emante', 'goldner.clifford@example.com', 'secret', NULL, '2016-08-28 21:52:06', '2016-08-28 21:52:06', 'avatar.jpg'),
(529, 'desmond.veum', 'burnice.marvin@example.net', 'secret', NULL, '2016-08-28 21:52:06', '2016-08-28 21:52:06', 'avatar.jpg'),
(530, 'kailey45', 'kharris@example.com', 'secret', NULL, '2016-08-28 21:52:06', '2016-08-28 21:52:06', 'avatar.jpg'),
(531, 'dana.konopelski', 'willard.crooks@example.net', 'secret', NULL, '2016-08-28 21:52:06', '2016-08-28 21:52:06', 'avatar.jpg'),
(532, 'lubowitz.evert', 'tanya94@example.com', 'secret', NULL, '2016-08-28 21:52:06', '2016-08-28 21:52:06', 'avatar.jpg'),
(533, 'schumm.vanessa', 'domenic45@example.net', 'secret', NULL, '2016-08-28 21:52:06', '2016-08-28 21:52:06', 'avatar.jpg'),
(534, 'wwuckert', 'vada.stoltenberg@example.com', 'secret', NULL, '2016-08-28 21:52:06', '2016-08-28 21:52:06', 'avatar.jpg'),
(535, 'alynch', 'dimitri.little@example.org', 'secret', NULL, '2016-08-28 21:52:06', '2016-08-28 21:52:06', 'avatar.jpg'),
(536, 'kessler.ricardo', 'leo03@example.net', 'secret', NULL, '2016-08-28 21:52:06', '2016-08-28 21:52:06', 'avatar.jpg'),
(537, 'ortiz.wyman', 'reichert.tremayne@example.com', 'secret', NULL, '2016-08-28 21:52:06', '2016-08-28 21:52:06', 'avatar.jpg'),
(538, 'kshlerin.jadyn', 'zena.wisozk@example.net', 'secret', NULL, '2016-08-28 21:52:06', '2016-08-28 21:52:06', 'avatar.jpg'),
(539, 'rfeil', 'ngulgowski@example.com', 'secret', NULL, '2016-08-28 21:52:06', '2016-08-28 21:52:06', 'avatar.jpg'),
(540, 'kutch.thaddeus', 'ritchie.cyril@example.com', 'secret', NULL, '2016-08-28 21:52:06', '2016-08-28 21:52:06', 'avatar.jpg'),
(541, 'glennie93', 'royal.goyette@example.net', 'secret', NULL, '2016-08-28 21:52:06', '2016-08-28 21:52:06', 'avatar.jpg'),
(542, 'west.ava', 'oanderson@example.net', 'secret', NULL, '2016-08-28 21:52:06', '2016-08-28 21:52:06', 'avatar.jpg'),
(543, 'douglas.carmela', 'rroberts@example.org', 'secret', NULL, '2016-08-28 21:52:06', '2016-08-28 21:52:06', 'avatar.jpg'),
(544, 'heidenreich.josiane', 'iernser@example.org', 'secret', NULL, '2016-08-28 21:52:06', '2016-08-28 21:52:06', 'avatar.jpg'),
(545, 'deshaun74', 'kozey.berenice@example.com', 'secret', NULL, '2016-08-28 21:52:06', '2016-08-28 21:52:06', 'avatar.jpg'),
(546, 'gusikowski.maud', 'wendell.moen@example.org', 'secret', NULL, '2016-08-28 21:52:06', '2016-08-28 21:52:06', 'avatar.jpg'),
(547, 'fisher.genesis', 'bergnaum.reyes@example.net', 'secret', NULL, '2016-08-28 21:52:06', '2016-08-28 21:52:06', 'avatar.jpg'),
(548, 'annabell79', 'drew35@example.com', 'secret', NULL, '2016-08-28 21:52:06', '2016-08-28 21:52:06', 'avatar.jpg'),
(549, 'rafaela.wilkinson', 'amcdermott@example.com', 'secret', NULL, '2016-08-28 21:52:06', '2016-08-28 21:52:06', 'avatar.jpg'),
(550, 'pjohnson', 'wrempel@example.net', 'secret', NULL, '2016-08-28 21:52:06', '2016-08-28 21:52:06', 'avatar.jpg'),
(551, 'marques.farrell', 'uwilliamson@example.com', 'secret', NULL, '2016-08-28 21:52:06', '2016-08-28 21:52:06', 'avatar.jpg'),
(552, 'mark.prosacco', 'luettgen.malvina@example.net', 'secret', NULL, '2016-08-28 21:52:06', '2016-08-28 21:52:06', 'avatar.jpg'),
(553, 'garrick.moen', 'daisha86@example.org', 'secret', NULL, '2016-08-28 21:52:06', '2016-08-28 21:52:06', 'avatar.jpg'),
(554, 'ejaskolski', 'nmann@example.net', 'secret', NULL, '2016-08-28 21:52:06', '2016-08-28 21:52:06', 'avatar.jpg'),
(555, 'dharber', 'shaylee.braun@example.com', 'secret', NULL, '2016-08-28 21:52:06', '2016-08-28 21:52:06', 'avatar.jpg'),
(556, 'myra.larson', 'rau.moses@example.net', 'secret', NULL, '2016-08-28 21:52:06', '2016-08-28 21:52:06', 'avatar.jpg'),
(557, 'oberbrunner.dedric', 'marcelino.reichel@example.com', 'secret', NULL, '2016-08-28 21:52:06', '2016-08-28 21:52:06', 'avatar.jpg'),
(558, 'laisha.hessel', 'myrtle83@example.com', 'secret', NULL, '2016-08-28 21:52:06', '2016-08-28 21:52:06', 'avatar.jpg'),
(559, 'metz.janae', 'jschinner@example.org', 'secret', NULL, '2016-08-28 21:52:06', '2016-08-28 21:52:06', 'avatar.jpg'),
(560, 'cristina.batz', 'hhilll@example.com', 'secret', NULL, '2016-08-28 21:52:06', '2016-08-28 21:52:06', 'avatar.jpg'),
(561, 'mcdermott.foster', 'meredith92@example.com', 'secret', NULL, '2016-08-28 21:52:07', '2016-08-28 21:52:07', 'avatar.jpg'),
(562, 'ywitting', 'sylvia.price@example.net', 'secret', NULL, '2016-08-28 21:52:07', '2016-08-28 21:52:07', 'avatar.jpg'),
(563, 'lila.cummings', 'mckenzie.zita@example.com', 'secret', NULL, '2016-08-28 21:52:07', '2016-08-28 21:52:07', 'avatar.jpg'),
(564, 'homenick.garrick', 'hwehner@example.com', 'secret', NULL, '2016-08-28 21:52:07', '2016-08-28 21:52:07', 'avatar.jpg'),
(565, 'foster.hammes', 'bogan.adrain@example.net', 'secret', NULL, '2016-08-28 21:52:07', '2016-08-28 21:52:07', 'avatar.jpg'),
(566, 'ally08', 'grady.hahn@example.com', 'secret', NULL, '2016-08-28 21:52:07', '2016-08-28 21:52:07', 'avatar.jpg'),
(567, 'turcotte.shawna', 'medhurst.dayton@example.org', 'secret', NULL, '2016-08-28 21:52:07', '2016-08-28 21:52:07', 'avatar.jpg'),
(568, 'rosenbaum.tillman', 'gerardo.borer@example.com', 'secret', NULL, '2016-08-28 21:52:07', '2016-08-28 21:52:07', 'avatar.jpg'),
(569, 'ratke.murray', 'bailey.bayer@example.org', 'secret', NULL, '2016-08-28 21:52:07', '2016-08-28 21:52:07', 'avatar.jpg'),
(570, 'schuster.helene', 'thelma80@example.com', 'secret', NULL, '2016-08-28 21:52:07', '2016-08-28 21:52:07', 'avatar.jpg'),
(571, 'layla01', 'claud.oberbrunner@example.com', 'secret', NULL, '2016-08-28 21:52:07', '2016-08-28 21:52:07', 'avatar.jpg'),
(572, 'loyal47', 'gortiz@example.net', 'secret', NULL, '2016-08-28 21:52:07', '2016-08-28 21:52:07', 'avatar.jpg'),
(573, 'robel.kallie', 'oren84@example.com', 'secret', NULL, '2016-08-28 21:52:07', '2016-08-28 21:52:07', 'avatar.jpg'),
(574, 'nelson.mann', 'hilll.hiram@example.com', 'secret', NULL, '2016-08-28 21:52:07', '2016-08-28 21:52:07', 'avatar.jpg'),
(575, 'reynolds.jaylen', 'rparker@example.net', 'secret', NULL, '2016-08-28 21:52:07', '2016-08-28 21:52:07', 'avatar.jpg'),
(576, 'sfahey', 'scarter@example.com', 'secret', NULL, '2016-08-28 21:52:07', '2016-08-28 21:52:07', 'avatar.jpg'),
(577, 'warren69', 'rogahn.garland@example.net', 'secret', NULL, '2016-08-28 21:52:07', '2016-08-28 21:52:07', 'avatar.jpg'),
(578, 'lincoln70', 'russell75@example.org', 'secret', NULL, '2016-08-28 21:52:07', '2016-08-28 21:52:07', 'avatar.jpg'),
(579, 'uschamberger', 'uriel.bosco@example.com', 'secret', NULL, '2016-08-28 21:52:07', '2016-08-28 21:52:07', 'avatar.jpg'),
(580, 'ward.delta', 'jadon80@example.com', 'secret', NULL, '2016-08-28 21:52:07', '2016-08-28 21:52:07', 'avatar.jpg'),
(581, 'merlin.gutmann', 'malcolm.kertzmann@example.com', 'secret', NULL, '2016-08-28 21:52:07', '2016-08-28 21:52:07', 'avatar.jpg'),
(582, 'franecki.eda', 'gianni.gerhold@example.net', 'secret', NULL, '2016-08-28 21:52:07', '2016-08-28 21:52:07', 'avatar.jpg'),
(583, 'willy53', 'aturcotte@example.net', 'secret', NULL, '2016-08-28 21:52:07', '2016-08-28 21:52:07', 'avatar.jpg'),
(584, 'monty37', 'llemke@example.net', 'secret', NULL, '2016-08-28 21:52:07', '2016-08-28 21:52:07', 'avatar.jpg'),
(585, 'osinski.evelyn', 'mcollier@example.org', 'secret', NULL, '2016-08-28 21:52:07', '2016-08-28 21:52:07', 'avatar.jpg'),
(586, 'eliza.rohan', 'leatha.zboncak@example.net', 'secret', NULL, '2016-08-28 21:52:07', '2016-08-28 21:52:07', 'avatar.jpg'),
(587, 'casey22', 'stracke.royce@example.com', 'secret', NULL, '2016-08-28 21:52:07', '2016-08-28 21:52:07', 'avatar.jpg'),
(588, 'clint32', 'georgette45@example.org', 'secret', NULL, '2016-08-28 21:52:07', '2016-08-28 21:52:07', 'avatar.jpg'),
(589, 'vjerde', 'gage.rogahn@example.com', 'secret', NULL, '2016-08-28 21:52:07', '2016-08-28 21:52:07', 'avatar.jpg'),
(590, 'stevie96', 'june30@example.net', 'secret', NULL, '2016-08-28 21:52:07', '2016-08-28 21:52:07', 'avatar.jpg'),
(591, 'hjohns', 'ivory.mayer@example.com', 'secret', NULL, '2016-08-28 21:52:07', '2016-08-28 21:52:07', 'avatar.jpg'),
(592, 'michelle03', 'rsauer@example.net', 'secret', NULL, '2016-08-28 21:52:07', '2016-08-28 21:52:07', 'avatar.jpg'),
(593, 'gus35', 'schulist.elmo@example.net', 'secret', NULL, '2016-08-28 21:52:07', '2016-08-28 21:52:07', 'avatar.jpg'),
(594, 'hernser', 'madilyn.erdman@example.com', 'secret', NULL, '2016-08-28 21:52:07', '2016-08-28 21:52:07', 'avatar.jpg'),
(595, 'isabell12', 'shemar20@example.net', 'secret', NULL, '2016-08-28 21:52:07', '2016-08-28 21:52:07', 'avatar.jpg'),
(596, 'goyette.kody', 'berge.devan@example.org', 'secret', NULL, '2016-08-28 21:52:07', '2016-08-28 21:52:07', 'avatar.jpg'),
(597, 'romaguera.angela', 'lynch.ericka@example.net', 'secret', NULL, '2016-08-28 21:52:07', '2016-08-28 21:52:07', 'avatar.jpg'),
(598, 'krista46', 'dallas32@example.org', 'secret', NULL, '2016-08-28 21:52:07', '2016-08-28 21:52:07', 'avatar.jpg'),
(599, 'ebba01', 'alberto18@example.com', 'secret', NULL, '2016-08-28 21:52:07', '2016-08-28 21:52:07', 'avatar.jpg'),
(600, 'koepp.madilyn', 'larson.yvonne@example.com', 'secret', NULL, '2016-08-28 21:52:07', '2016-08-28 21:52:07', 'avatar.jpg'),
(601, 'dwilliamson', 'marilou78@example.com', 'secret', NULL, '2016-08-28 21:52:07', '2016-08-28 21:52:07', 'avatar.jpg'),
(602, 'marcella.kunde', 'xmayer@example.org', 'secret', NULL, '2016-08-28 21:52:07', '2016-08-28 21:52:07', 'avatar.jpg'),
(603, 'anjali52', 'mwilliamson@example.org', 'secret', NULL, '2016-08-28 21:52:07', '2016-08-28 21:52:07', 'avatar.jpg'),
(604, 'hirthe.jamaal', 'lindgren.jacquelyn@example.net', 'secret', NULL, '2016-08-28 21:52:07', '2016-08-28 21:52:07', 'avatar.jpg'),
(605, 'alfonzo84', 'xlindgren@example.com', 'secret', NULL, '2016-08-28 21:52:07', '2016-08-28 21:52:07', 'avatar.jpg'),
(606, 'dlittel', 'arvel02@example.net', 'secret', NULL, '2016-08-28 21:52:07', '2016-08-28 21:52:07', 'avatar.jpg'),
(607, 'sammy.dibbert', 'antonio39@example.org', 'secret', NULL, '2016-08-28 21:52:07', '2016-08-28 21:52:07', 'avatar.jpg'),
(608, 'fcremin', 'madge.swift@example.com', 'secret', NULL, '2016-08-28 21:52:07', '2016-08-28 21:52:07', 'avatar.jpg'),
(609, 'gerson.ledner', 'hubert15@example.org', 'secret', NULL, '2016-08-28 21:52:07', '2016-08-28 21:52:07', 'avatar.jpg'),
(610, 'andre.hyatt', 'bernadette41@example.net', 'secret', NULL, '2016-08-28 21:52:07', '2016-08-28 21:52:07', 'avatar.jpg');
INSERT INTO `users` (`id`, `name`, `email`, `password`, `remember_token`, `created_at`, `updated_at`, `image`) VALUES
(611, 'bruen.stacey', 'simonis.nickolas@example.org', 'secret', NULL, '2016-08-28 21:52:08', '2016-08-28 21:52:08', 'avatar.jpg'),
(612, 'connelly.lyric', 'laisha17@example.com', 'secret', NULL, '2016-08-28 21:52:08', '2016-08-28 21:52:08', 'avatar.jpg'),
(613, 'trunolfsdottir', 'rashad16@example.net', 'secret', NULL, '2016-08-28 21:52:08', '2016-08-28 21:52:08', 'avatar.jpg'),
(614, 'wunsch.sophie', 'mertie.altenwerth@example.com', 'secret', NULL, '2016-08-28 21:52:08', '2016-08-28 21:52:08', 'avatar.jpg'),
(615, 'cummings.macy', 'mbuckridge@example.org', 'secret', NULL, '2016-08-28 21:52:08', '2016-08-28 21:52:08', 'avatar.jpg'),
(616, 'marisol.schroeder', 'poreilly@example.com', 'secret', NULL, '2016-08-28 21:52:08', '2016-08-28 21:52:08', 'avatar.jpg'),
(617, 'era81', 'casandra32@example.com', 'secret', NULL, '2016-08-28 21:52:08', '2016-08-28 21:52:08', 'avatar.jpg'),
(618, 'alexie.fritsch', 'sean32@example.com', 'secret', NULL, '2016-08-28 21:52:08', '2016-08-28 21:52:08', 'avatar.jpg'),
(619, 'stanton.rodrick', 'sabryna.buckridge@example.com', 'secret', NULL, '2016-08-28 21:52:08', '2016-08-28 21:52:08', 'avatar.jpg'),
(620, 'corene.kohler', 'ekuvalis@example.org', 'secret', NULL, '2016-08-28 21:52:08', '2016-08-28 21:52:08', 'avatar.jpg'),
(621, 'sylvia88', 'tstanton@example.org', 'secret', NULL, '2016-08-28 21:52:08', '2016-08-28 21:52:08', 'avatar.jpg'),
(622, 'hartmann.joshuah', 'kenna29@example.net', 'secret', NULL, '2016-08-28 21:52:08', '2016-08-28 21:52:08', 'avatar.jpg'),
(623, 'welch.austin', 'boyle.adonis@example.com', 'secret', NULL, '2016-08-28 21:52:08', '2016-08-28 21:52:08', 'avatar.jpg'),
(624, 'wfadel', 'adolphus63@example.org', 'secret', NULL, '2016-08-28 21:52:08', '2016-08-28 21:52:08', 'avatar.jpg'),
(625, 'muller.geovanni', 'manley.larkin@example.com', 'secret', NULL, '2016-08-28 21:52:08', '2016-08-28 21:52:08', 'avatar.jpg'),
(626, 'nicolette77', 'heidi.metz@example.com', 'secret', NULL, '2016-08-28 21:52:08', '2016-08-28 21:52:08', 'avatar.jpg'),
(627, 'clementina36', 'crooks.petra@example.org', 'secret', NULL, '2016-08-28 21:52:08', '2016-08-28 21:52:08', 'avatar.jpg'),
(628, 'mkuhic', 'easton.smitham@example.org', 'secret', NULL, '2016-08-28 21:52:08', '2016-08-28 21:52:08', 'avatar.jpg'),
(629, 'pablo.fadel', 'rfisher@example.org', 'secret', NULL, '2016-08-28 21:52:08', '2016-08-28 21:52:08', 'avatar.jpg'),
(630, 'pietro85', 'phoebe77@example.net', 'secret', NULL, '2016-08-28 21:52:08', '2016-08-28 21:52:08', 'avatar.jpg'),
(631, 'nona.wuckert', 'tommie11@example.net', 'secret', NULL, '2016-08-28 21:52:08', '2016-08-28 21:52:08', 'avatar.jpg'),
(632, 'awaelchi', 'litzy.fahey@example.com', 'secret', NULL, '2016-08-28 21:52:08', '2016-08-28 21:52:08', 'avatar.jpg'),
(633, 'vbernhard', 'lucas72@example.net', 'secret', NULL, '2016-08-28 21:52:08', '2016-08-28 21:52:08', 'avatar.jpg'),
(634, 'heaney.hortense', 'konopelski.alfonso@example.com', 'secret', NULL, '2016-08-28 21:52:08', '2016-08-28 21:52:08', 'avatar.jpg'),
(635, 'payton.berge', 'jessika.carroll@example.org', 'secret', NULL, '2016-08-28 21:52:08', '2016-08-28 21:52:08', 'avatar.jpg'),
(636, 'jrodriguez', 'simonis.marilyne@example.com', 'secret', NULL, '2016-08-28 21:52:08', '2016-08-28 21:52:08', 'avatar.jpg'),
(637, 'ptorp', 'ylebsack@example.net', 'secret', NULL, '2016-08-28 21:52:08', '2016-08-28 21:52:08', 'avatar.jpg'),
(638, 'whudson', 'alexzander.conroy@example.org', 'secret', NULL, '2016-08-28 21:52:08', '2016-08-28 21:52:08', 'avatar.jpg'),
(639, 'roxane.simonis', 'rick.brakus@example.org', 'secret', NULL, '2016-08-28 21:52:08', '2016-08-28 21:52:08', 'avatar.jpg'),
(640, 'amani47', 'kari.gottlieb@example.com', 'secret', NULL, '2016-08-28 21:52:08', '2016-08-28 21:52:08', 'avatar.jpg'),
(641, 'spencer.modesto', 'june.hoppe@example.org', 'secret', NULL, '2016-08-28 21:52:08', '2016-08-28 21:52:08', 'avatar.jpg'),
(642, 'bshields', 'brett41@example.net', 'secret', NULL, '2016-08-28 21:52:08', '2016-08-28 21:52:08', 'avatar.jpg'),
(643, 'nader.maximilian', 'yessenia.stokes@example.org', 'secret', NULL, '2016-08-28 21:52:08', '2016-08-28 21:52:08', 'avatar.jpg'),
(644, 'vebert', 'wilmer.schmidt@example.org', 'secret', NULL, '2016-08-28 21:52:08', '2016-08-28 21:52:08', 'avatar.jpg'),
(645, 'greilly', 'jailyn99@example.net', 'secret', NULL, '2016-08-28 21:52:08', '2016-08-28 21:52:08', 'avatar.jpg'),
(646, 'senger.kolby', 'rgottlieb@example.org', 'secret', NULL, '2016-08-28 21:52:08', '2016-08-28 21:52:08', 'avatar.jpg'),
(647, 'lula.runte', 'harrison.west@example.net', 'secret', NULL, '2016-08-28 21:52:08', '2016-08-28 21:52:08', 'avatar.jpg'),
(648, 'anita33', 'maggio.adam@example.net', 'secret', NULL, '2016-08-28 21:52:08', '2016-08-28 21:52:08', 'avatar.jpg'),
(649, 'crist.ally', 'walter.mercedes@example.org', 'secret', NULL, '2016-08-28 21:52:08', '2016-08-28 21:52:08', 'avatar.jpg'),
(650, 'llegros', 'gmann@example.com', 'secret', NULL, '2016-08-28 21:52:08', '2016-08-28 21:52:08', 'avatar.jpg'),
(651, 'borer.isaac', 'qcrona@example.com', 'secret', NULL, '2016-08-28 21:52:08', '2016-08-28 21:52:08', 'avatar.jpg'),
(652, 'rdurgan', 'lenore30@example.com', 'secret', NULL, '2016-08-28 21:52:08', '2016-08-28 21:52:08', 'avatar.jpg'),
(653, 'ray35', 'dock24@example.com', 'secret', NULL, '2016-08-28 21:52:08', '2016-08-28 21:52:08', 'avatar.jpg'),
(654, 'ubecker', 'donnie.reynolds@example.net', 'secret', NULL, '2016-08-28 21:52:08', '2016-08-28 21:52:08', 'avatar.jpg'),
(655, 'collins.scottie', 'hoeger.arlene@example.org', 'secret', NULL, '2016-08-28 21:52:08', '2016-08-28 21:52:08', 'avatar.jpg'),
(656, 'emmitt.pfannerstill', 'thaag@example.com', 'secret', NULL, '2016-08-28 21:52:08', '2016-08-28 21:52:08', 'avatar.jpg'),
(657, 'marcia00', 'kshlerin.marjolaine@example.net', 'secret', NULL, '2016-08-28 21:52:08', '2016-08-28 21:52:08', 'avatar.jpg'),
(658, 'kreiger.werner', 'precious82@example.net', 'secret', NULL, '2016-08-28 21:52:09', '2016-08-28 21:52:09', 'avatar.jpg'),
(659, 'brandyn.huels', 'klocko.rita@example.net', 'secret', NULL, '2016-08-28 21:52:09', '2016-08-28 21:52:09', 'avatar.jpg'),
(660, 'clare63', 'chelsie43@example.com', 'secret', NULL, '2016-08-28 21:52:09', '2016-08-28 21:52:09', 'avatar.jpg'),
(661, 'qmosciski', 'hershel24@example.org', 'secret', NULL, '2016-08-28 21:52:09', '2016-08-28 21:52:09', 'avatar.jpg'),
(662, 'christelle72', 'ularkin@example.net', 'secret', NULL, '2016-08-28 21:52:09', '2016-08-28 21:52:09', 'avatar.jpg'),
(663, 'bashirian.brayan', 'hkoch@example.org', 'secret', NULL, '2016-08-28 21:52:09', '2016-08-28 21:52:09', 'avatar.jpg'),
(664, 'claud13', 'khansen@example.net', 'secret', NULL, '2016-08-28 21:52:09', '2016-08-28 21:52:09', 'avatar.jpg'),
(665, 'barney.yost', 'jreichert@example.net', 'secret', NULL, '2016-08-28 21:52:09', '2016-08-28 21:52:09', 'avatar.jpg'),
(666, 'nova.torp', 'reichert.linnie@example.net', 'secret', NULL, '2016-08-28 21:52:09', '2016-08-28 21:52:09', 'avatar.jpg'),
(667, 'vcrona', 'ukilback@example.com', 'secret', NULL, '2016-08-28 21:52:09', '2016-08-28 21:52:09', 'avatar.jpg'),
(668, 'ycrooks', 'mariane.torp@example.com', 'secret', NULL, '2016-08-28 21:52:09', '2016-08-28 21:52:09', 'avatar.jpg'),
(669, 'kswift', 'wilkinson.reyes@example.net', 'secret', NULL, '2016-08-28 21:52:09', '2016-08-28 21:52:09', 'avatar.jpg'),
(670, 'pfranecki', 'garnet14@example.org', 'secret', NULL, '2016-08-28 21:52:09', '2016-08-28 21:52:09', 'avatar.jpg'),
(671, 'alberto.daugherty', 'roslyn.casper@example.org', 'secret', NULL, '2016-08-28 21:52:09', '2016-08-28 21:52:09', 'avatar.jpg'),
(672, 'scrona', 'sarah69@example.org', 'secret', NULL, '2016-08-28 21:52:09', '2016-08-28 21:52:09', 'avatar.jpg'),
(673, 'kimberly.carter', 'ruecker.walter@example.com', 'secret', NULL, '2016-08-28 21:52:09', '2016-08-28 21:52:09', 'avatar.jpg'),
(674, 'davin76', 'sandra.dooley@example.net', 'secret', NULL, '2016-08-28 21:52:09', '2016-08-28 21:52:09', 'avatar.jpg'),
(675, 'halie.hauck', 'roderick01@example.net', 'secret', NULL, '2016-08-28 21:52:09', '2016-08-28 21:52:09', 'avatar.jpg'),
(676, 'rhiannon.nienow', 'cschiller@example.com', 'secret', NULL, '2016-08-28 21:52:09', '2016-08-28 21:52:09', 'avatar.jpg'),
(677, 'ileuschke', 'elody.crona@example.com', 'secret', NULL, '2016-08-28 21:52:09', '2016-08-28 21:52:09', 'avatar.jpg'),
(678, 'keegan41', 'dturner@example.com', 'secret', NULL, '2016-08-28 21:52:09', '2016-08-28 21:52:09', 'avatar.jpg'),
(679, 'matilde91', 'javon.bednar@example.org', 'secret', NULL, '2016-08-28 21:52:09', '2016-08-28 21:52:09', 'avatar.jpg'),
(680, 'sschinner', 'rutherford.cale@example.org', 'secret', NULL, '2016-08-28 21:52:09', '2016-08-28 21:52:09', 'avatar.jpg'),
(681, 'madyson41', 'walker.mikel@example.com', 'secret', NULL, '2016-08-28 21:52:09', '2016-08-28 21:52:09', 'avatar.jpg'),
(682, 'muhammad.hermann', 'schamberger.maiya@example.net', 'secret', NULL, '2016-08-28 21:52:09', '2016-08-28 21:52:09', 'avatar.jpg'),
(683, 'qoconner', 'lmills@example.org', 'secret', NULL, '2016-08-28 21:52:09', '2016-08-28 21:52:09', 'avatar.jpg'),
(684, 'magdalena.paucek', 'jast.loma@example.com', 'secret', NULL, '2016-08-28 21:52:09', '2016-08-28 21:52:09', 'avatar.jpg'),
(685, 'stacey.kub', 'cleveland43@example.org', 'secret', NULL, '2016-08-28 21:52:09', '2016-08-28 21:52:09', 'avatar.jpg'),
(686, 'johns.frieda', 'paucek.lesley@example.net', 'secret', NULL, '2016-08-28 21:52:09', '2016-08-28 21:52:09', 'avatar.jpg'),
(687, 'broderick75', 'conroy.roosevelt@example.org', 'secret', NULL, '2016-08-28 21:52:09', '2016-08-28 21:52:09', 'avatar.jpg'),
(688, 'kayleigh.marquardt', 'kschinner@example.com', 'secret', NULL, '2016-08-28 21:52:09', '2016-08-28 21:52:09', 'avatar.jpg'),
(689, 'bsenger', 'foster.lind@example.org', 'secret', NULL, '2016-08-28 21:52:09', '2016-08-28 21:52:09', 'avatar.jpg'),
(690, 'tillman.donny', 'heaven84@example.org', 'secret', NULL, '2016-08-28 21:52:09', '2016-08-28 21:52:09', 'avatar.jpg'),
(691, 'guadalupe66', 'powlowski.sherman@example.org', 'secret', NULL, '2016-08-28 21:52:09', '2016-08-28 21:52:09', 'avatar.jpg'),
(692, 'labadie.wilbert', 'oschuster@example.org', 'secret', NULL, '2016-08-28 21:52:09', '2016-08-28 21:52:09', 'avatar.jpg'),
(693, 'otto72', 'mortimer.anderson@example.org', 'secret', NULL, '2016-08-28 21:52:09', '2016-08-28 21:52:09', 'avatar.jpg'),
(694, 'chadrick19', 'paucek.anahi@example.net', 'secret', NULL, '2016-08-28 21:52:09', '2016-08-28 21:52:09', 'avatar.jpg'),
(695, 'kosinski', 'ernser.roxanne@example.com', 'secret', NULL, '2016-08-28 21:52:09', '2016-08-28 21:52:09', 'avatar.jpg'),
(696, 'mquitzon', 'hane.meta@example.org', 'secret', NULL, '2016-08-28 21:52:09', '2016-08-28 21:52:09', 'avatar.jpg'),
(697, 'layla63', 'gus.schmidt@example.com', 'secret', NULL, '2016-08-28 21:52:09', '2016-08-28 21:52:09', 'avatar.jpg'),
(698, 'iziemann', 'dolly.collins@example.com', 'secret', NULL, '2016-08-28 21:52:09', '2016-08-28 21:52:09', 'avatar.jpg'),
(699, 'weston.okeefe', 'demarcus22@example.org', 'secret', NULL, '2016-08-28 21:52:09', '2016-08-28 21:52:09', 'avatar.jpg'),
(700, 'freddie.jerde', 'jones.haleigh@example.com', 'secret', NULL, '2016-08-28 21:52:09', '2016-08-28 21:52:09', 'avatar.jpg'),
(701, 'zemlak.korey', 'furman33@example.org', 'secret', NULL, '2016-08-28 21:52:09', '2016-08-28 21:52:09', 'avatar.jpg'),
(702, 'emmett59', 'carlee.oconner@example.com', 'secret', NULL, '2016-08-28 21:52:09', '2016-08-28 21:52:09', 'avatar.jpg'),
(703, 'joanne95', 'jenkins.kallie@example.com', 'secret', NULL, '2016-08-28 21:52:09', '2016-08-28 21:52:09', 'avatar.jpg');

--
-- Contraintes pour les tables export√©es
--

--
-- Contraintes pour la table `permission_role`
--
ALTER TABLE `permission_role`
  ADD CONSTRAINT `permission_role_permission_id_foreign` FOREIGN KEY (`permission_id`) REFERENCES `permissions` (`id`) ON DELETE CASCADE ON UPDATE CASCADE,
  ADD CONSTRAINT `permission_role_role_id_foreign` FOREIGN KEY (`role_id`) REFERENCES `roles` (`id`) ON DELETE CASCADE ON UPDATE CASCADE;

--
-- Contraintes pour la table `posts`
--
ALTER TABLE `posts`
  ADD CONSTRAINT `posts_user_id_foreign` FOREIGN KEY (`user_id`) REFERENCES `users` (`id`);

--
-- Contraintes pour la table `role_user`
--
ALTER TABLE `role_user`
  ADD CONSTRAINT `role_user_role_id_foreign` FOREIGN KEY (`role_id`) REFERENCES `roles` (`id`) ON DELETE CASCADE ON UPDATE CASCADE,
  ADD CONSTRAINT `role_user_user_id_foreign` FOREIGN KEY (`user_id`) REFERENCES `users` (`id`) ON DELETE CASCADE ON UPDATE CASCADE;

--
-- Contraintes pour la table `taggables`
--
ALTER TABLE `taggables`
  ADD CONSTRAINT `taggables_tag_id_foreign` FOREIGN KEY (`tag_id`) REFERENCES `tags` (`id`);

/*!40101 SET CHARACTER_SET_CLIENT=@OLD_CHARACTER_SET_CLIENT */;
/*!40101 SET CHARACTER_SET_RESULTS=@OLD_CHARACTER_SET_RESULTS */;
/*!40101 SET COLLATION_CONNECTION=@OLD_COLLATION_CONNECTION */;
